surface,angle_deg,target_angle,I_total_mean,I_total_std,K_energy_mean,K_energy_std
linoleum,-180,-3.141592653589793,1.0204846214272765,0.31868595619714557,0.07947699543826142,0.02481977852002691
linoleum,-175,-3.0543261909900767,1.2813902515395053,0.39983944092456686,0.09979674856226678,0.031140143374187447
linoleum,-170,-2.9670597283903604,1.875047837734405,1.3394230346956726,0.1460317630634272,0.10431643572396206
linoleum,-165,-2.8797932657906435,1.762281708864584,0.4168147844001265,0.1372493542729427,0.03246221062306282
linoleum,-160,-2.792526803190927,1.9752337215023783,0.3573268399561911,0.15383440198616655,0.027829193143005547
linoleum,-155,-2.705260340591211,2.177382319173364,0.42614633666727264,0.1695780622409162,0.03318896703016143
linoleum,-150,-2.6179938779914944,2.4716297057224,0.38810434350404033,0.1924945253677882,0.030226194976950192
linoleum,-145,-2.530727415391778,2.4964650432050273,0.5439828591143171,0.19442874168263455,0.042366266286161774
linoleum,-140,-2.443460952792061,2.6044776119402986,0.38843441323340816,0.20284093550936907,0.03025190134216574
linoleum,-135,-2.356194490192345,2.5471543381991144,0.44131342938129053,0.19837650609027374,0.03437020478047434
linoleum,-130,-2.2689280275926285,3.2048462142727656,0.7550333934285635,0.24959861481875123,0.058803223787271305
linoleum,-125,-2.181661564992912,3.4716901323342797,0.8003711097670372,0.2703808514279034,0.06233419857998732
linoleum,-120,-2.0943951023931957,4.032407890616846,1.3498709733529286,0.3140504587707824,0.10513013811159877
linoleum,-115,-2.007128639793479,3.6558704453441297,0.45409586792426265,0.28472511256574223,0.035365721800955006
linoleum,-110,-1.9198621771937625,3.7367648934813116,0.6855894381932077,0.2910253032306318,0.053394816058661025
linoleum,-105,-1.832595714594046,3.8661882893226176,0.49962385374813456,0.3011050069565902,0.03891151508941858
linoleum,-100,-1.7453292519943295,3.6798972172106503,0.5351553729686265,0.28659635648058024,0.041678767365157826
linoleum,-95,-1.6580627893946132,3.6858655440744994,0.7800299282597469,0.2870611794450545,0.060749994412752875
linoleum,-90,-1.5707963267948966,3.8426573426573425,0.5104004527697816,0.2992723787116311,0.039750814078643434
linoleum,-85,-1.4835298641951802,3.937035470421174,0.9433122457231244,0.30662270018856497,0.07346668580398165
linoleum,-80,-1.3962634015954636,3.7448788446431807,0.4462127574335408,0.2916572308912135,0.03475177238578978
linoleum,-75,-1.3089969389957472,3.5733743868072225,0.5822846079140052,0.278300185888413,0.045349268529128135
linoleum,-70,-1.2217304763960306,3.8499112827471036,0.8349077384743089,0.29983732731675267,0.06502396717089634
linoleum,-65,-1.1344640137963142,3.6511571696174996,0.5085816010731499,0.28435803501693924,0.03960915896208334
linoleum,-60,-1.0471975511965976,3.733092777868897,0.40528008557723844,0.2907393129181384,0.03156386959324286
linoleum,-55,-0.9599310885968813,3.5400470176589582,0.46668120819673353,0.2757045963908846,0.03634588848884218
linoleum,-50,-0.8726646259971648,3.0180416598327047,0.4718795330418135,0.23504997350722,0.036750742448739375
linoleum,-45,-0.7853981633974483,2.7929784276995586,0.8778651369166661,0.2175216844002772,0.06836955894989614
linoleum,-40,-0.6981317007977318,2.544803455251216,0.5123647747248649,0.19819341551800754,0.039903798654584495
linoleum,-35,-0.6108652381980153,2.4931687715269804,0.36854792493676225,0.1941720227045935,0.02870310941875095
linoleum,-30,-0.5235987755982988,2.299138920780712,0.5703656405694861,0.179060663612205,0.0444210000443525
linoleum,-25,-0.4363323129985824,2.2772948444590235,0.23549172263460505,0.17735941156222929,0.018340476840701336
linoleum,-20,-0.3490658503988659,1.9570034443168773,0.35242019568269967,0.15241459846704652,0.027447055738528018
linoleum,-15,-0.2617993877991494,1.9395331037122086,0.5430230479009984,0.15105398003989162,0.04229151463403417
linoleum,-10,-0.1745329251994329,1.4210267344595702,0.5641806660104275,0.11067186405448368,0.04393930420641959
linoleum,-5,-0.0872664625997164,1.3617626154939588,0.40553748041602083,0.1060562784652616,0.031583915920250845
linoleum,0,0.0,0.8169591602427424,0.36146489206154964,0.0636261028226435,0.028151471344357457
linoleum,5,0.0872664625997164,1.4411746933349447,0.3884936485015445,0.1122410197301359,0.030256514680805632
linoleum,10,0.1745329251994329,1.657924950148045,0.435970085018946,0.12912188085265153,0.03395405646565
linoleum,15,0.2617993877991494,2.6185009020829915,1.302271779381969,0.20393309206253832,0.10142303577741192
linoleum,20,0.3490658503988659,2.1775098864651103,0.4481586360385671,0.16958799738824848,0.03490332056375133
linoleum,25,0.4363323129985824,2.3105927850625414,0.5041263643801006,0.17995270911702038,0.0392621779112228
linoleum,30,0.5235987755982988,2.59447700767418,0.3859108818352889,0.2020620722487679,0.03005536462891658
linoleum,35,0.6108652381980153,2.7242824339839267,0.8194698876498846,0.21217152912647402,0.0638216423403337
linoleum,40,0.6981317007977318,2.8655622983981193,0.7082546173811664,0.22317463383162925,0.055160016929997384
linoleum,45,0.7853981633974483,2.7621234486906125,0.48785527900675285,0.21511864865191693,0.03799495942420194
linoleum,50,0.8726646259971648,3.232204362801378,0.6347502198871269,0.2517293117446556,0.049435375380617395
linoleum,55,0.9599310885968813,3.7844295008474114,0.5422874788261848,0.2947375000659978,0.04223422732291161
linoleum,60,1.0471975511965976,3.819082724031664,0.45046584463257194,0.2974363492236498,0.03508300970658662
linoleum,65,1.1344640137963142,3.993712754906785,0.43995635565870256,0.3110368189179739,0.0342645136805843
linoleum,70,1.2217304763960306,4.177841561423651,0.40347480072763403,0.3253770686467018,0.0314232710847067
linoleum,75,1.3089969389957472,3.7525832376578645,0.8451710077152073,0.2922572614998337,0.06582328720523423
linoleum,80,1.3962634015954636,3.998679678530425,0.5660359017625638,0.31142365097588975,0.04408379297216229
linoleum,85,1.4835298641951802,3.930267689890628,0.5297257338332847,0.30609561447746325,0.041255898273620306
linoleum,90,1.5707963267948966,3.8882319173363955,0.5658493272375413,0.30282180041560713,0.04406926224591445
linoleum,95,1.6580627893946132,3.8804761617016137,0.8234500208645231,0.3022177696029294,0.06413162156265756
linoleum,100,1.7453292519943295,3.723907932863157,0.7680048852970316,0.2900239823102147,0.05981346458699622
linoleum,105,1.832595714594046,3.966360505166475,0.5358108797858353,0.30890658139925825,0.04172981929796225
linoleum,110,1.9198621771937625,4.170630364660215,0.5051621015610779,0.32481544896107595,0.03934284280070702
linoleum,115,2.007128639793479,3.8789896670493684,1.0555132985793574,0.3021019989913839,0.08220508555913997
linoleum,120,2.0943951023931957,3.711882893226177,0.5093659019019363,0.28908745274347175,0.0396702415811477
linoleum,125,2.181661564992912,3.906084959816303,0.5966027898309834,0.3042122242847588,0.04646439173138499
linoleum,130,2.2689280275926285,3.266032474987699,0.5092808319377646,0.2543638999211604,0.039663616194529946
linoleum,135,2.356194490192345,2.799021088887546,0.4321282886543724,0.2179922966423323,0.03365485114130626
linoleum,140,2.443460952792061,2.6700344431687713,0.39497211872622146,0.2079466077234246,0.030761068436621603
linoleum,145,2.530727415391778,2.5814852861200075,0.4126465766196297,0.2010502559283495,0.032137583848880824
linoleum,150,2.6179938779914944,2.418347821332896,0.3948442704912909,0.18834484589820064,0.03075111140897906
linoleum,155,2.705260340591211,2.419386583565688,0.3792252394473608,0.18842574638362058,0.029534675969420627
linoleum,160,2.792526803190927,2.2700465284911475,0.2963243540806019,0.17679490097283082,0.02307822072278832
linoleum,165,2.8797932657906435,2.00654420206659,0.27975466850656466,0.15627291293353507,0.02178774676842404
linoleum,170,2.9670597283903604,1.6832437005257117,0.32504636708458273,0.13109374614686228,0.02531513762340987
linoleum,175,3.0543261909900767,1.3232064529423886,0.42370819486408934,0.10305346206716424,0.032999080596891696
grass,-180,-3.141592653589793,3.5576772010393376,0.7627549692106583,0.2770776636323472,0.05940459261765253
grass,-175,-3.0543261909900767,3.203761412716637,0.6390706583845945,0.249514128716249,0.049771858129641335
grass,-170,-2.9670597283903604,3.3640588267453944,0.5017675951915883,0.26199835099263197,0.03907847314576232
grass,-165,-2.8797932657906435,3.519326444699579,0.5125845206304341,0.274090844602771,0.039920912821684904
grass,-160,-2.792526803190927,4.154933832859991,0.8165696265923708,0.323592977637071,0.06359576531093235
grass,-155,-2.705260340591211,4.816494450822809,1.0106057615615653,0.37511639025099763,0.07870761382878232
grass,-150,-2.6179938779914944,5.850287026406429,1.4345510649558246,0.4556298307170117,0.11172516082210472
grass,-145,-2.530727415391778,6.560384888743097,1.5923237852732526,0.5109334025500856,0.12401275586240285
grass,-140,-2.443460952792061,6.551364058826745,1.5930567278904373,0.5102308457030176,0.12406983862075058
grass,-135,-2.356194490192345,6.830140794005681,1.3712904295264792,0.5319424294396948,0.10679832005657935
grass,-130,-2.2689280275926285,8.937277176868694,1.725351218663502,0.6960496243667208,0.13437314787098933
grass,-125,-2.181661564992912,8.094199333005303,2.0336765561527304,0.630389356153061,0.15838602462248683
grass,-120,-2.0943951023931957,8.874856486796785,2.350233406216667,0.6911881999062918,0.1830399849078401
grass,-115,-2.007128639793479,8.823629107211197,2.2314986128849443,0.687198528599003,0.17379272686019817
grass,-110,-1.9198621771937625,9.620823010453805,2.344768474975541,0.749285281187991,0.18261436720993315
grass,-105,-1.832595714594046,9.392333205766041,2.1976969746875246,0.7314901250596607,0.17116020052083528
grass,-100,-1.7453292519943295,9.88828932261768,2.2614509004618495,0.7701159908580749,0.17612545953752728
grass,-95,-1.6580627893946132,9.655326605837212,2.304717710252074,0.7519724770901256,0.17949514877352601
grass,-90,-1.5707963267948966,9.846755234814937,2.255707248861809,0.7668812488173626,0.17567813464655843
grass,-85,-1.4835298641951802,9.888697537951268,2.202871886975079,0.7701477833295383,0.17156323107282553
grass,-80,-1.3962634015954636,10.010004920452682,2.3460319994826824,0.7795953987891499,0.1827127725453803
grass,-75,-1.3089969389957472,9.72155417245755,2.479083562656242,0.7571303872630493,0.19307504382057966
grass,-70,-1.2217304763960306,9.073861461921163,2.0747275474961566,0.7066870297446389,0.16158314232836116
grass,-65,-1.1344640137963142,8.703486615505469,2.1030815586142206,0.6778416367216098,0.16379139864596726
grass,-60,-1.0471975511965976,8.348359417487462,2.1516402832478927,0.6501837552560329,0.16757323078254607
grass,-55,-0.9599310885968813,7.8716538763671515,2.148308373107998,0.6130571554803078,0.16731373622336426
grass,-50,-0.8726646259971648,7.380022962112514,2.49668236355729,0.5747681434667068,0.19444566694371423
grass,-45,-0.7853981633974483,7.117824339839266,1.5442741878485522,0.5543476900186345,0.12027057537761311
grass,-40,-0.6981317007977318,8.141472126546752,0.8011886003834244,0.6340710378930494,0.06239786607347543
grass,-35,-0.6108652381980153,5.5225315729047075,1.3466703701095277,0.43010370505488377,0.10488086994622489
grass,-30,-0.5235987755982988,5.263554024748054,1.3690188906608804,0.40993411407695135,0.1066214089299751
grass,-25,-0.4363323129985824,4.456486796785304,0.8714962046927953,0.3470784109645876,0.06787353619102762
grass,-20,-0.3490658503988659,4.20235361653272,0.6855706017636986,0.32728610720659823,0.05339334904701702
grass,-15,-0.2617993877991494,3.41132797550708,0.48532897120336194,0.26567974887126794,0.037798206480012614
grass,-10,-0.1745329251994329,2.9960636378546828,0.8172617404556395,0.2333382895525454,0.06364966825978502
grass,-5,-0.0872664625997164,3.0205383339711696,0.636780054615988,0.23524441853358022,0.049593462197506856
grass,0,0.0,3.1602427423322945,0.8248886502604125,0.24612482416918186,0.06424366435049945
grass,5,0.0872664625997164,3.092135476463835,0.575479751074441,0.24082051997381893,0.044819295255018786
grass,10,0.1745329251994329,3.125989485769533,0.5475166401999669,0.2434571250599325,0.042641482881617364
grass,15,0.2617993877991494,3.470321469575201,0.5528271526607109,0.27027425775507796,0.043055074194759395
grass,20,0.3490658503988659,6.382423546602651,0.8210931890805651,0.4970734849379012,0.06394806768540225
grass,25,0.4363323129985824,4.688319535923621,1.0360012166268342,0.3651339202432727,0.08068545300832045
grass,30,0.5235987755982988,5.8075556284511505,1.5285303925118383,0.45230184022205233,0.11904442309282229
grass,35,0.6108652381980153,6.578809250451041,1.9685504327848868,0.5123683216862182,0.15331389663433703
grass,40,0.6981317007977318,6.939029548613209,1.9598012406381624,0.5404228620415272,0.15263249537680396
grass,45,0.7853981633974483,6.959332890204847,1.9002334065113629,0.5420041191748324,0.14799325595882887
grass,50,0.8726646259971648,7.857142857142857,1.730903459538948,0.6119270137961728,0.1348055653846532
grass,55,0.9599310885968813,8.397607106169557,2.202006598516551,0.6540192450287817,0.17149584100596196
grass,60,1.0471975511965976,8.657609388952672,2.3858798240370382,0.6742686439994293,0.18581618567266664
grass,65,1.1344640137963142,9.077497129735937,2.262232873700397,0.7069701814436088,0.1761863608800932
grass,70,1.2217304763960306,10.25427806024821,0.8501653255579046,0.7986197866236925,0.06621225276930726
grass,75,1.3089969389957472,9.554206987042809,2.476054276342895,0.7440971173709352,0.19283911809524107
grass,80,1.3962634015954636,10.330217046634957,2.3962512809410317,0.804534037899919,0.18662393153746357
grass,85,1.4835298641951802,9.30335501977293,2.943040084317093,0.7245603597953996,0.22920872930818487
grass,90,1.5707963267948966,10.013834672789896,2.0871858435903827,0.7798936661051322,0.16255341460984288
grass,95,1.6580627893946132,10.027210103329505,2.270877167075601,0.780935366302921,0.17685959245137084
grass,100,1.7453292519943295,9.986404012327029,2.971381678345249,0.7777573218323233,0.23141601856271413
grass,105,1.832595714594046,9.494833524684271,2.3453121240319916,0.7394730159411427,0.18265670747912707
grass,110,1.9198621771937625,9.268082663605052,1.7459759085566116,0.7218132915580259,0.13597943213057717
grass,115,2.007128639793479,8.764893481311393,2.594384796372521,0.6826241029058717,0.20205489068321814
grass,120,2.0943951023931957,8.556891655084899,1.9722447654959632,0.6664245837293535,0.15360161725046442
grass,125,2.181661564992912,7.952081696779262,1.7679440257450854,0.619321004422061,0.1376903446841967
grass,130,2.2689280275926285,7.4437126110339,1.4405822452228265,0.5797283964979673,0.11219487891143516
grass,135,2.356194490192345,6.424952162265596,1.7236881220540496,0.5003856824194389,0.1342436232129323
grass,145,2.530727415391778,5.909299655568312,1.4001886540724482,0.46022582987292154,0.10904896059754274
grass,150,2.6179938779914944,8.3398392652124,0.6014034247520572,0.6495201919947352,0.046838272955767646
grass,155,2.705260340591211,4.3133610792192885,0.7955093967189819,0.3359315482258013,0.06195556049213255
grass,160,2.792526803190927,4.231856909783069,0.7013898573039563,0.32958387147843216,0.054625378294700676
grass,165,2.8797932657906435,3.695305523663732,0.8489653867959583,0.2877963803476427,0.06611879959470084
grass,170,2.9670597283903604,3.503635667814772,0.5043157310168275,0.2728688214809013,0.039276926091653216
grass,175,3.0543261909900767,3.210932516902666,0.6375435453734257,0.2500726259269989,0.04965292409450357
rubber_carpet,-180,-3.141592653589793,3.2546707024318966,0.5042008002064585,0.25347902666915084,0.03926797509396093
rubber_carpet,-175,-3.0543261909900767,3.214466130884041,0.44821255474804367,0.2503478295081029,0.03490751984019035
rubber_carpet,-170,-2.9670597283903604,4.4240528128587835,0.9293535005383384,0.344552399755357,0.07237955611669299
rubber_carpet,-165,-2.8797932657906435,4.340355912743973,1.086669787203488,0.3380339495906521,0.08463160336475763
rubber_carpet,-160,-2.792526803190927,5.194499530320426,1.5996602500708554,0.4045560381869491,0.12458413162545605
rubber_carpet,-155,-2.705260340591211,6.182444421250391,2.0253081881119335,0.48149878670174395,0.15773428256323477
rubber_carpet,-150,-2.6179938779914944,6.764121699196326,2.347982789579536,0.526800755389122,0.18286470323828163
rubber_carpet,-145,-2.530727415391778,8.552949538024164,2.1394036785942934,0.6661175652666796,0.16662022418958675
rubber_carpet,-140,-2.443460952792061,9.038826844796993,2.0547756872528464,0.7039584770091117,0.1600292591318416
rubber_carpet,-135,-2.356194490192345,9.137389973210869,1.916560453112058,0.7116347331161114,0.14926483279688915
rubber_carpet,-130,-2.2689280275926285,9.610275545350174,2.168243360790401,0.7484638275194839,0.16886630535750785
rubber_carpet,-125,-2.181661564992912,10.337925755836203,2.442207119976416,0.8051344046601405,0.19020304672713514
rubber_carpet,-120,-2.0943951023931957,11.525675816720593,2.57392113642752,0.8976383034829123,0.20046114769684728
rubber_carpet,-115,-2.007128639793479,11.9237416158076,2.709655903617247,0.9286403127576014,0.21103239124744916
rubber_carpet,-110,-1.9198621771937625,12.539505270848554,2.571071501066921,0.9765969837109467,0.20023921347873228
rubber_carpet,-105,-1.832595714594046,12.52036520693237,2.6359364763082986,0.9751063245274433,0.20529100282774915
rubber_carpet,-100,-1.7453292519943295,12.594144661308839,2.3604865724411126,0.980852387952402,0.18383851810289045
rubber_carpet,-95,-1.6580627893946132,12.292422502870263,2.4024653322345886,0.9573537774821078,0.18710789191858165
rubber_carpet,-90,-1.5707963267948966,12.624167623421354,2.4211988874708466,0.9831906248770526,0.18856689154757367
rubber_carpet,-85,-1.4835298641951802,12.606721636572383,2.2450089152328645,0.981831903159843,0.1748449310929022
rubber_carpet,-80,-1.3962634015954636,12.101853370510087,2.3077770472659864,0.9425119447437763,0.17973341489610486
rubber_carpet,-75,-1.3089969389957472,12.505066640043928,2.3292867272440447,0.9739148473554462,0.18140862361713742
rubber_carpet,-70,-1.2217304763960306,12.465034965034965,2.526850120683909,0.9707971156569289,0.1967951807386223
rubber_carpet,-65,-1.1344640137963142,11.706205813040063,2.7817656596236597,0.9116982720436188,0.2166484158585405
rubber_carpet,-60,-1.0471975511965976,11.477557268602045,2.5961985984352176,0.8938907530063899,0.20219615252610723
rubber_carpet,-55,-0.9599310885968813,10.905144606637144,2.6616483340039356,0.8493103276197154,0.20729348395669284
rubber_carpet,-50,-0.8726646259971648,9.771412169919632,2.220880340087455,0.7610134088722456,0.17296575857378937
rubber_carpet,-45,-0.7853981633974483,9.159221375639287,1.94508573690528,0.7133349981027483,0.1514864281078879
rubber_carpet,-40,-0.6981317007977318,8.106084959816304,2.6258504087255274,0.6313150280230766,0.20450548354560183
rubber_carpet,-35,-0.6108652381980153,8.437584803256444,2.169396812613942,0.6571327728392871,0.16895613805404536
rubber_carpet,-30,-0.5235987755982988,7.680443934175277,2.0768293456395317,0.5981654154342116,0.16174683377254917
rubber_carpet,-25,-0.4363323129985824,6.649281067191515,1.9125819358694096,0.5178567809339187,0.14895497942908179
rubber_carpet,-20,-0.3490658503988659,5.104790731656403,1.6524414589800238,0.3975693716243305,0.12869481767757196
rubber_carpet,-15,-0.2617993877991494,4.323191733639495,1.2623072348603503,0.33669717551709466,0.09831053230999616
rubber_carpet,-10,-0.1745329251994329,4.617049368541906,0.8619698880240276,0.3595832841543541,0.06713161121682455
rubber_carpet,-5,-0.0872664625997164,3.184584072643774,0.9404854962329604,0.2480205664052784,0.07324653397452965
rubber_carpet,0,0.0,4.36670493685419,1.2550327395942842,0.34008605427213323,0.0977439828344458
rubber_carpet,5,0.0872664625997164,3.2639494833524685,0.7038543374622024,0.25420167315829195,0.054817316001729156
rubber_carpet,10,0.1745329251994329,3.934175277458859,0.990329674291939,0.30639994372732554,0.07712847930622577
rubber_carpet,15,0.2617993877991494,4.433218522770762,1.2047159006317691,0.3452662400911808,0.09382522590590102
rubber_carpet,20,0.3490658503988659,5.772974591923327,1.8498963321545179,0.44960861307814076,0.1440729230649936
rubber_carpet,25,0.4363323129985824,6.3152593674981725,2.041257962393217,0.4918426298674591,0.15897647682190164
rubber_carpet,30,0.5235987755982988,6.9902684380296325,2.17665204993509,0.5444134297530867,0.16952118768964877
rubber_carpet,35,0.6108652381980153,8.830424799081516,2.355508631377051,0.6877277880904609,0.18345082798886694
rubber_carpet,40,0.6981317007977318,9.1765087605451,2.0675649806546215,0.7146813676436995,0.16102531001983034
rubber_carpet,45,0.7853981633974483,9.411538461538461,2.1918618634517943,0.7329858614905345,0.17070575260527995
rubber_carpet,50,0.8726646259971648,9.933180252583238,2.2664711805076405,0.7736121692043021,0.17651644708003433
rubber_carpet,55,0.9599310885968813,11.388691159586681,2.8699271655565877,0.8869697164787137,0.2235145767567435
rubber_carpet,60,1.0471975511965976,10.510846576832437,3.589989287234291,0.8186017583202833,0.2795941812487767
rubber_carpet,65,1.1344640137963142,12.372299342448597,2.818802572992805,0.9635747151439719,0.21953291066922156
rubber_carpet,70,1.2217304763960306,12.702695314635614,2.6972386472870866,0.9893064886787861,0.2100653152092747
rubber_carpet,75,1.3089969389957472,12.815572487214279,2.6200429819872944,0.9980975457331993,0.2040531917435588
rubber_carpet,80,1.3962634015954636,13.110948752739796,2.7676310137260467,1.0211019277834734,0.21554758673878868
rubber_carpet,85,1.4835298641951802,12.889938419789166,2.3936683005718455,1.003889285030309,0.18642276484204406
rubber_carpet,90,1.5707963267948966,12.999081515499427,2.5763681591329206,1.012389526129239,0.2006517257891683
rubber_carpet,95,1.6580627893946132,13.047187141216991,2.7422160958753055,1.0161360701882394,0.21356823176598955
rubber_carpet,100,1.7453292519943295,13.008725602755453,2.747689562451714,1.0131406232675588,0.21399451420963506
rubber_carpet,105,1.832595714594046,13.280242145913787,2.60786010283411,1.034286771488613,0.2031043693796036
rubber_carpet,110,1.9198621771937625,12.83853459972863,2.4492025829411426,0.9998858722530087,0.1907478647150423
rubber_carpet,115,2.007128639793479,12.394546498277842,2.90418902924153,0.9653073596789599,0.22618294620261134
rubber_carpet,120,2.0943951023931957,12.439724454649829,2.9187966484236623,0.9688258921066846,0.2273206112479488
rubber_carpet,125,2.181661564992912,11.658347936431204,2.926390374601399,0.9079710230865425,0.2279120229440342
rubber_carpet,130,2.2689280275926285,10.299812128170338,2.348769156742577,0.8021660535958207,0.18292594678680502
rubber_carpet,135,2.356194490192345,9.437313432835822,2.2521940622024523,0.7349932580090204,0.17540452197838413
rubber_carpet,140,2.443460952792061,9.245016177852,2.141639583262241,0.7200168362813084,0.16679436006715273
rubber_carpet,145,2.530727415391778,8.867341613610272,2.2933583700927835,0.6906029294088996,0.17861046496049718
rubber_carpet,150,2.6179938779914944,7.62692609825367,2.2568738996656537,0.5939973596770772,0.17576899530106352
rubber_carpet,155,2.705260340591211,6.825644504748983,2.1438946352692745,0.5315922511486747,0.16696998717050426
rubber_carpet,160,2.792526803190927,6.478760045924226,2.014377654545518,0.504576327564192,0.1568829949022989
rubber_carpet,165,2.8797932657906435,4.935596741566891,1.349686863839034,0.384392269592437,0.10511579936441069
rubber_carpet,170,2.9670597283903604,3.9230195177956375,0.9016688742720411,0.3055311150931182,0.07022343257570413
rubber_carpet,175,3.0543261909900767,3.199004975124378,0.553552949129354,0.24914368965143135,0.04311160039948241
cell_carpet,-180,-3.141592653589793,1.7720190257503692,0.49307539896727764,0.1380077122858543,0.03840151082299671
cell_carpet,-175,-3.0543261909900767,1.9312667432070418,0.3829697220255892,0.15041018249276028,0.029826302338441527
cell_carpet,-170,-2.9670597283903604,2.379951205510907,0.507836673392272,0.18535445525785882,0.03955114278756016
cell_carpet,-165,-2.8797932657906435,2.969307309605817,0.691959918354304,0.23125446336493904,0.0538909593733882
cell_carpet,-160,-2.792526803190927,3.434519709146575,0.829748512673026,0.26748595865627534,0.06462215830786808
cell_carpet,-155,-2.705260340591211,3.8851128970531956,0.818959290730844,0.30257888606333305,0.06378187622514364
cell_carpet,-150,-2.6179938779914944,4.462614810562572,0.9881999268099807,0.3475556706045617,0.07696261112227265
cell_carpet,-145,-2.530727415391778,4.69345579793341,0.8691097024558438,0.3655339406490195,0.06768767153082898
cell_carpet,-140,-2.443460952792061,4.809261385380789,0.6939449371060228,0.37455306739725774,0.054045555849378694
cell_carpet,-135,-2.356194490192345,5.0421928817451205,0.6856778623183746,0.39269414966862315,0.053401702672770626
cell_carpet,-130,-2.2689280275926285,5.362873134328359,0.712182726888965,0.4176692472218348,0.055465944461757406
cell_carpet,-125,-2.181661564992912,6.014159969383851,1.0343767839156377,0.4683925209800507,0.08055893955729261
cell_carpet,-120,-2.0943951023931957,6.5171202809482,1.0182171904612103,0.5075638848090499,0.07930040424152726
cell_carpet,-115,-2.007128639793479,6.82334481438959,1.4996141173685482,0.5314131475381302,0.11679237674209875
cell_carpet,-110,-1.9198621771937625,6.6780281285878305,1.4805949238777674,0.520095648643912,0.11531113114312827
cell_carpet,-105,-1.832595714594046,6.702755453501723,1.2124859657255627,0.5220214527649317,0.09443037116242702
cell_carpet,-100,-1.7453292519943295,6.675294854399332,1.4222106541495416,0.5198827768223779,0.11076406963781478
cell_carpet,-95,-1.6580627893946132,6.137645107794361,2.1188764022461903,0.47800974359769177,0.16502152665468775
cell_carpet,-90,-1.5707963267948966,7.073478760045925,0.8839712498501124,0.5508939844272528,0.06884511291667544
cell_carpet,-85,-1.4835298641951802,6.975315729047073,0.7473502813459543,0.543248888555068,0.05820485057211481
cell_carpet,-80,-1.3962634015954636,7.058553386911597,0.728692429359393,0.5497315721893767,0.056751746834843665
cell_carpet,-75,-1.3089969389957472,6.868643209292902,1.3337150161986329,0.5349410599137775,0.10387188599677827
cell_carpet,-70,-1.2217304763960306,6.751779563719862,1.1992416629327904,0.5258395298847245,0.09339888340598054
cell_carpet,-65,-1.1344640137963142,6.451435132032147,1.2059945139300634,0.502448219005619,0.09392480638084608
cell_carpet,-60,-1.0471975511965976,6.477994642173746,0.9304215149960263,0.5045167166801984,0.07246273481277458
cell_carpet,-55,-0.9599310885968813,5.845847684653654,0.9857854338124198,0.45528408758984856,0.07677456649629433
cell_carpet,-50,-0.8726646259971648,5.6279372368924605,0.7932295948699846,0.43831286891685833,0.06177800583099565
cell_carpet,-45,-0.7853981633974483,5.167121125143513,0.603861645087552,0.40242376364046056,0.04702972313765981
cell_carpet,-40,-0.6981317007977318,4.900330080367394,0.6763111028522082,0.38164564488842634,0.05267220427197887
cell_carpet,-35,-0.6108652381980153,4.783438576349024,0.702990724816395,0.37254194519852213,0.05475005644987501
cell_carpet,-30,-0.5235987755982988,4.429176234213547,0.9034135935744283,0.3449514201100894,0.07035931414131061
cell_carpet,-25,-0.4363323129985824,3.9383610792192885,0.8117636388604854,0.3067259407491658,0.06322146720097242
cell_carpet,-20,-0.3490658503988659,3.50091173093807,0.7692108232829113,0.2726566768643357,0.059907384990880934
cell_carpet,-15,-0.2617993877991494,2.8808266360505166,0.7612273269068481,0.2243634451752739,0.059285617360346425
cell_carpet,-10,-0.1745329251994329,2.8563337160352087,1.5847754217657803,0.22245589688747733,0.12342487708456237
cell_carpet,-5,-0.0872664625997164,1.8819477274262173,0.6148566881148084,0.14656913765001695,0.04788603489990721
cell_carpet,0,0.0,1.5951779563719863,0.46430309719870466,0.1242350433311516,0.036160677351924034
cell_carpet,5,0.0872664625997164,2.117412935323383,0.5176027592914054,0.16490754948001426,0.04031174137783531
cell_carpet,10,0.1745329251994329,2.440030616150019,0.7508251488563427,0.19003353708333484,0.05847547888289274
cell_carpet,15,0.2617993877991494,2.8619813022798097,0.6120925006844855,0.2228957400529447,0.04767075550502223
cell_carpet,20,0.3490658503988659,3.4405704272161457,1.1625541194082099,0.2679571983813198,0.09054159808475154
cell_carpet,25,0.4363323129985824,4.050434639986879,0.9307615265832982,0.31545441121393136,0.07248921546598898
cell_carpet,30,0.5235987755982988,4.518484500574052,0.8378691152179097,0.35190689256807267,0.0652546039889338
cell_carpet,35,0.6108652381980153,4.919058553386911,0.8457742266681837,0.3831042487061458,0.06587026687446922
cell_carpet,40,0.6981317007977318,5.048292192881745,0.7760636339302165,0.3931691739004475,0.060441092985219345
cell_carpet,45,0.7853981633974483,5.348686432092929,0.7261092761746659,0.4165643638701658,0.056550566680269976
cell_carpet,50,0.8726646259971648,5.931653947457284,0.8970547472123906,0.46196681833779474,0.06986407688570026
cell_carpet,55,0.9599310885968813,6.499961729812477,0.9090237563463047,0.506227549050816,0.07079624270609852
cell_carpet,60,1.0471975511965976,6.7067738231917335,1.0816746972608158,0.5223344099058983,0.0842425776682878
cell_carpet,65,1.1344640137963142,7.014452623759033,0.6791992235416778,0.5462969333145664,0.05289713578985028
cell_carpet,70,1.2217304763960306,6.908993494068121,0.6066851704647349,0.5380836054570187,0.047249623867969985
cell_carpet,75,1.3089969389957472,6.949789513968619,0.995991718526115,0.5412608655738801,0.07756944848334231
cell_carpet,80,1.3962634015954636,6.864523536165327,0.5959305262494125,0.5346202130969882,0.04641203475462717
cell_carpet,85,1.4835298641951802,7.05750965452458,0.6347662959927589,0.5496502846202944,0.04943662741376629
cell_carpet,90,1.5707963267948966,7.304978603486066,0.9948806962948293,0.5689235672496937,0.07748292027218297
cell_carpet,95,1.6580627893946132,7.317164179104477,0.8205805357801476,0.5698725996187288,0.06390814141589937
cell_carpet,100,1.7453292519943295,7.006366767560798,0.6323459708501956,0.5456671937352646,0.0492481285708875
cell_carpet,105,1.832595714594046,6.985885054366178,0.537578738690206,0.5440720447325685,0.041867503013255924
cell_carpet,110,1.9198621771937625,6.830539609644087,1.6805501067170885,0.5319734898476703,0.1308839646975926
cell_carpet,115,2.007128639793479,6.912959242250287,0.746057518926448,0.5383924643497109,0.05810416814068905
cell_carpet,120,2.0943951023931957,6.730397784831499,0.9065382000917467,0.5241742823077492,0.07060266355854725
cell_carpet,125,2.181661564992912,6.288251052430157,1.1585165553950008,0.4897391785381743,0.09022714605880071
cell_carpet,130,2.2689280275926285,5.708381171067738,0.7412862022868018,0.4445779728245903,0.057732570271557766
cell_carpet,135,2.356194490192345,5.183467278989667,0.7699951648692863,0.4036968285817498,0.05996847078421232
cell_carpet,140,2.443460952792061,5.18398392652124,0.7953920770363121,0.4037370659284455,0.061946423445195666
cell_carpet,145,2.530727415391778,4.833371603520858,0.7303249945035032,0.37643081024305747,0.056878893652920814
cell_carpet,150,2.6179938779914944,5.232862835145539,0.7630835734129565,0.4075438345128925,0.05943018484524582
cell_carpet,155,2.705260340591211,4.211724184507327,0.9054245200915804,0.3280159022201969,0.07051592835604215
cell_carpet,160,2.792526803190927,3.710605625717566,0.9204092413065588,0.28898797708080737,0.07168296271857934
cell_carpet,165,2.8797932657906435,2.98867202449292,0.7924681970153685,0.2327626187299782,0.06171870693266112
cell_carpet,170,2.9670597283903604,2.7809988518943745,1.5249532624358464,0.216588695630403,0.1187658304077762
cell_carpet,175,3.0543261909900767,1.9031285878300803,0.3684458900192143,0.14821873736994398,0.02869516277408213
