surface,angle_deg,target_angle,I_mean_wheel_joint_fl,I_mean_wheel_joint_fr,I_mean_wheel_joint_bl,I_mean_wheel_joint_br,I_std_wheel_joint_fl,I_std_wheel_joint_fr,I_std_wheel_joint_bl,I_std_wheel_joint_br,I_total,I_std
linoleum,-180.0,-3.141592653589793,0.14816605232944588,-0.15016013052148164,0.356094023808085,-0.3485406973231011,0.09489654120483823,0.091681327535566,0.12928146476846178,0.11248982174501941,1.0029609039821137,0.31239776409412806
linoleum,-175.0,-3.0543261909900767,0.04561110531259785,-0.33978707859304874,0.584698883206346,-0.11089656612044671,0.20746693343383996,0.2413840905920119,0.275150333237318,0.2075330229550593,1.0809936332324392,0.39312426290740105
linoleum,-170.0,-2.9670597283903604,0.04860313815537697,-0.7004082153335885,0.7991452991452991,0.00950376323510652,0.34641244012637906,0.4560950226362073,0.44590365648273994,0.3109923752970109,1.557660415869371,0.6125105318505321
linoleum,-165.0,-2.8797932657906435,-0.04368844038914738,-0.6497069309323826,0.6917034261888936,0.0703365762281709,0.17215267527302297,0.326384999522635,0.36602635883149665,0.1854137630944269,1.4554353737385946,0.549621269098885
linoleum,-160.0,-2.792526803190927,-0.14165436553496258,-0.6882073150729867,0.7891312667432071,0.12093379257558363,0.16630319943407187,0.30917752727599795,0.37111958645094323,0.18833843739776523,1.73992673992674,0.6135797314786878
linoleum,-155.0,-2.705260340591211,-0.1807118254879449,-0.7291044776119403,0.8384615384615384,0.19397244546498277,0.1815220369248935,0.34474082748951496,0.39055706376228083,0.21867100996174585,1.9422502870264062,0.6585677364076014
linoleum,-150.0,-2.6179938779914944,-0.2151791649042238,-0.8186597377485044,0.9117167200435072,0.2873889661006707,0.1984892474658854,0.35275574645676383,0.41929088770742085,0.24912776651484514,2.232944588796906,0.7356397119132051
linoleum,-145.0,-2.530727415391778,-0.27270529941386185,-0.805184603299293,0.9019880355308477,0.27270529941386185,0.20419121885806576,0.4719012161363364,0.48892500568068176,0.22040052132846583,2.2525832376578645,0.7321881124785928
linoleum,-140.0,-2.443460952792061,-0.32019390228345446,-0.8403495343793852,0.9181017986988136,0.27350427350427353,0.20087270513928876,0.4397577754686731,0.44463271644487434,0.21202870401531415,2.352149508865927,0.7585481205475314
linoleum,-135.0,-2.356194490192345,-0.39341752774588595,-0.6104641627029687,0.9152588704827511,0.26105735060958946,0.17033969756594464,0.5220381037023971,0.602396221096406,0.20453703153301095,2.180197911541195,0.6894104168411879
linoleum,-130.0,-2.2689280275926285,-0.5541120309384253,-0.6492839446492236,0.6871110036860234,0.45011783189316573,0.372796654203914,0.8878705253893626,0.8868634672959562,0.40893472265189273,2.3406248111668377,0.6836770326648776
linoleum,-125.0,-2.181661564992912,-0.6649948637379902,-0.7572058734666748,0.8747356335730254,0.6535138074808146,0.38579207392693443,0.5937801036925063,0.7241178519855493,0.4428084918659592,2.950450178258505,0.8573233631335356
linoleum,-120.0,-2.0943951023931957,-0.8674981734683227,-0.8219914413944264,1.1298924955641374,0.7421981004070556,0.4380825457766777,0.7664691735139941,0.8555959980368669,0.42606096972036744,3.561580210833942,1.0404169521400408
linoleum,-115.0,-2.007128639793479,-0.880174028642214,-0.6850564988821077,1.0161943319838056,0.7655447459060971,0.40228033247385453,0.3984443103354126,0.47220773083336026,0.42441199337570434,3.346969605414224,0.9748503163053578
linoleum,-110.0,-1.9198621771937625,-0.8204490368669473,-0.722158438576349,0.946230386528894,0.7463324403622912,0.4647533739931696,0.5643025544499886,0.6205714728796483,0.4574911696243446,3.2351703023344816,0.9383304031760737
linoleum,-105.0,-1.832595714594046,-0.8272101033295064,-0.8608495981630311,1.0337543053960965,0.8446039035591274,0.37830431096861195,0.42450674476559275,0.43059308790271633,0.4232952716289598,3.566417910447761,1.0325193982123717
linoleum,-100.0,-1.7453292519943295,-0.8373517030233448,-0.7455032529659397,0.9554972390793286,0.8612979060740255,0.35800067786786965,0.4057924613695787,0.43881595884918145,0.42327769563241957,3.3996501011426385,0.9828631692845287
linoleum,-95.0,-1.6580627893946132,-0.7675723944380661,-0.7476081132797551,0.8855083556576094,0.8060339328996046,0.483014948732746,0.5246678301301664,0.5469940433342914,0.5174334195586077,3.206722796275035,0.9263054124198523
linoleum,-90.0,-1.5707963267948966,-0.8521031207598372,-0.827053543471454,0.9847615071495669,0.9103955745746791,0.37478213451648484,0.3870669889062006,0.403657502232795,0.4399042745271908,3.5743137459555374,1.032312707025138
linoleum,-85.0,-1.4835298641951802,-0.9998791467762402,-0.791044776119403,1.0582512538521964,0.8048220436280137,0.4715408776788364,0.6904442463284024,0.4053061918326493,0.44622562734640425,3.6539972203758535,1.063303500277925
linoleum,-80.0,-1.3962634015954636,-0.9011420629645296,-0.7372046649344373,0.9856788929844704,0.8028883920478579,0.4109041884599003,0.40969051631905073,0.4231117332219204,0.46442872006516545,3.426914012931295,0.9943303997932454
linoleum,-75.0,-1.3089969389957472,-0.883467278989667,-0.7106773823191733,1.0105938837282122,0.8204258428139025,0.30859200432708284,0.28047590574563247,0.3060440562188037,0.38003653219313,3.425164387850955,0.994308450974662
linoleum,-70.0,-1.2217304763960306,-0.9390982152176183,-0.7530529172320217,0.9223463104060119,0.9832480951883938,0.4367900816682995,0.4115249909625414,0.3738480862484781,0.4747074353244829,3.5977455380440455,1.0416500018840422
linoleum,-65.0,-1.1344640137963142,-0.7601667774487885,-0.5914556770801862,0.8892380204241949,0.6895280681612181,0.7796567026753334,0.40805070606486155,0.47147183762712347,0.7969192309093173,2.930388543114388,0.8526366955146153
linoleum,-60.0,-1.0471975511965976,-0.9100103876223279,-0.7350062872450932,0.8673664643813898,0.9308403039746324,0.37416980340486466,0.41271508820266073,0.4097359799483655,0.4352251588063636,3.4432234432234434,0.9968742150210749
linoleum,-55.0,-0.9599310885968813,-0.8484500574052812,-0.6421737466513586,0.7797824066480783,0.9800995024875622,0.39150704854876445,0.4149888624785005,0.41368583249484353,0.4425086148259902,3.2505057131922803,0.945654143173888
linoleum,-50.0,-0.8726646259971648,-0.7178940462522553,-0.4499480618883604,0.6440872560275545,0.7091465748182166,0.5175038372306231,0.3894759286246436,0.38299502740793395,0.6004183363926517,2.5210759389863866,0.7364260214674527
linoleum,-45.0,-0.7853981633974483,-0.7319475497008882,-0.2598344310834491,0.3685419058553387,0.8385400930569823,0.7565560542345705,0.19596953930474215,0.22777385536503164,0.8916630288131068,2.1988639796966583,0.6905662523546924
linoleum,-40.0,-0.6981317007977318,-0.8231917336394948,-0.235580340057952,0.3512109780766497,0.9314416926357225,0.4129796739851649,0.18667492041287048,0.2115634721756096,0.4707395677593865,2.341424744409819,0.7553244058958892
linoleum,-35.0,-0.6108652381980153,-0.7586107921928817,-0.2761768082663605,0.3093570608495982,0.9304247990815154,0.3463396857622501,0.2261341605414042,0.19903469330838036,0.43334008135494306,2.2745694603903557,0.730901361264519
linoleum,-30.0,-0.5235987755982988,-0.7049942594718714,-0.18323765786452356,0.39207807118254884,0.6940298507462687,0.4767763452580012,0.21800912646266815,0.23079237811139042,0.5609197461656494,1.9743398392652125,0.6208077706984451
linoleum,-25.0,-0.4363323129985824,-0.7358810343884971,-0.2040347711989503,0.27838827838827834,0.8603138155376963,0.30951839083190635,0.17363181488811685,0.19301722151869574,0.3690668231430713,2.078617899513422,0.6809091917605605
linoleum,-20.0,-0.3490658503988659,-0.6715269804822044,-0.10815154994259471,0.19540757749712973,0.7425373134328359,0.3174028004321906,0.1895128915443822,0.1610459424517471,0.3772320628576893,1.7176234213547648,0.5904599806470079
linoleum,-15.0,-0.2617993877991494,-0.5609771654547774,-0.14153591019262662,0.19160607220308715,0.569843092231152,0.4682146970729278,0.2501620870169375,0.27978434086533843,0.5156937986461896,1.4639622400816432,0.4814192438557809
linoleum,-10.0,-0.1745329251994329,-0.4621125143513203,-0.02329014269312777,0.018861735279645728,0.5206659012629162,0.31378630415796743,0.19801842303436207,0.23617371181979704,0.3379188628647173,1.0249302935870102,0.40199783337352785
linoleum,-5.0,-0.0872664625997164,-0.4999179924553059,0.0016948225903449798,0.03493521403969165,0.6879886282871358,0.15843465420051409,0.110070712637626,0.1271433399580671,0.17963428981176993,1.2245366573724783,0.4871163773970809
linoleum,0.0,0.0,-0.2863703460718386,0.27264775025969057,-0.10152534033131048,0.13410967142310426,0.10916883037065095,0.1358590887075008,0.09004147575740862,0.10948294495254866,0.7946531080859439,0.248024614548057
linoleum,5.0,0.0872664625997164,0.024170644751948755,0.7255423288416218,-0.47761194029850745,-0.1171672004350716,0.10537060330355033,0.19300489696347925,0.193686095837016,0.11955282781197875,1.3444921143271498,0.5042605431854233
linoleum,10.0,0.1745329251994329,0.08399299051302195,0.673092029729893,-0.5668016194331984,-0.15517553930751105,0.17365106050921317,0.2717511669021564,0.30113410904119176,0.1531310973261424,1.4790621789836242,0.5180550441307328
linoleum,15.0,0.2617993877991494,0.21906948772620413,0.6548029085342518,-0.6295992564649281,-0.23000382701875244,0.436406051539455,0.8404989771875262,0.8133960483066152,0.44118553718934883,1.7334754797441367,0.5555790883814291
linoleum,20.0,0.3490658503988659,0.2098481949228218,0.7544329633881872,-0.7664880724582216,-0.2358719224390866,0.19340907068606505,0.35437328169247295,0.3644522740929285,0.1877136577089907,1.9666411532083172,0.6470400272847469
linoleum,25.0,0.4363323129985824,0.30606078917155116,0.7338207746691644,-0.7528551574113239,-0.2831591032690797,0.2430221139932607,0.383317198241796,0.4118702304630623,0.21728173580993368,2.0758958245211194,0.6529758450869144
linoleum,30.0,0.5235987755982988,0.31578947368421056,0.8624690313614115,-0.8334038310471932,-0.38268173303522873,0.22153926124041448,0.3669776910201613,0.3975693959102339,0.20884096125759927,2.394344069128044,0.7492719476379239
linoleum,35.0,0.6108652381980153,0.34959816303099883,0.7320321469575202,-0.7153846153846154,-0.4030424799081515,0.26205190736663164,0.7201808565894413,0.6853782061122308,0.2360186421028454,2.200057405281286,0.6663257030064728
linoleum,40.0,0.6981317007977318,0.25635558471379366,1.063965884861407,-0.9577934503307636,-0.4062653764146302,0.22044768401697698,0.5078729480799452,0.48438451235037133,0.20938918793767372,2.6843802963205943,0.8717192209325278
linoleum,45.0,0.7853981633974483,0.33338800502979604,0.8929528183259525,-0.8925154447542507,-0.45530588814170897,0.186738762801514,0.38616595523922603,0.4349830370840766,0.1990881270705786,2.5741621562517083,0.7976444884796442
linoleum,50.0,0.8726646259971648,0.6104477611940299,0.8908151549942596,-0.7851320321469575,-0.7504018369690011,0.30628418946832825,0.44530499483980474,0.41652469208833864,0.3847985869386161,3.036796785304248,0.8842020338117056
linoleum,55.0,0.9599310885968813,0.696626756328249,0.7731124596796239,-0.7903340440653873,-0.8284948881963807,0.3779970879174878,0.825691391298479,0.8361863387286151,0.4104339477560405,3.0885681482696414,0.8922754541148176
linoleum,60.0,1.0471975511965976,0.746208230104538,0.9835639615686749,-0.9152214635325399,-0.9252522811045985,0.3505094738734716,0.41369967437133187,0.4281173965802246,0.38359518678520915,3.570245936310351,1.035194537549209
linoleum,65.0,1.1344640137963142,0.7416762342135477,1.012082444918266,-0.964736755781532,-1.006123230003827,0.36177954167664167,0.40094679473491385,0.43952478625243596,0.4144164084612053,3.7246186649171724,1.0809890886406555
linoleum,70.0,1.2217304763960306,0.7853042479908151,1.0422502870264063,-1.0167049368541905,-1.0519517795637199,0.3803768680569846,0.3866052353770746,0.4503719877289537,0.42884034313954383,3.8962112514351315,1.129711959218066
linoleum,75.0,1.3089969389957472,0.7563464727643833,0.8545095037632352,-0.7419313687970405,-0.8774078326317133,0.46858110343411724,0.5579260820178683,0.6638023193249353,0.5071075503707511,3.230195177956372,0.9349750706796348
linoleum,80.0,1.3962634015954636,0.821182548794489,0.9667049368541906,-0.930137772675086,-1.004190585533869,0.38560607467484176,0.41602266661441073,0.44099186702078724,0.42313691908695117,3.7222158438576347,1.0765768263846986
linoleum,85.0,1.4835298641951802,0.7995649283944649,0.9456764759199952,-0.9228352166294036,-0.9653755513928334,0.3905594637848356,0.4400274562406473,0.4497151831284384,0.43606729407001554,3.633452172336697,1.050725591256761
linoleum,90.0,1.5707963267948966,0.746268656716418,0.8320321469575201,-0.791963260619977,-0.8826061997703789,0.5436360057281715,0.5540003780644819,0.6170390051700774,0.5908734950292289,3.252870264064294,0.9404036363970717
linoleum,95.0,1.6580627893946132,1.0088222853344613,0.8455495800350474,-0.9384252824944105,-0.9889419300259834,0.32216271487808346,0.31816255198152754,0.31015601455560715,0.3840876575829586,3.7817390778899025,1.0939214730038442
linoleum,100.0,1.7453292519943295,0.7205182876824667,0.8995134219014815,-0.7055929145481384,-1.0344978404679899,0.4800408755526213,0.4544917355877073,0.4365955370049133,0.51612315220399,3.3601224646000767,0.9819563124127496
linoleum,105.0,1.832595714594046,0.8152698048220436,0.9558553386911596,-0.8460390355912744,-1.0737657864523535,0.41173010241157054,0.3614824978277123,0.4476672750275184,0.4383877323535776,3.6909299655568315,1.0710668957254477
linoleum,110.0,1.9198621771937625,0.8273467825706632,0.8384998086490624,-0.84363894811656,-1.0094582034880544,0.5475844588257508,0.5707240263712544,0.6276831763565857,0.646541787028186,3.51894374282434,1.0180948668979681
linoleum,115.0,2.007128639793479,0.9169919632606199,0.9493685419058553,-0.8657864523536165,-1.1468427095292768,0.3357216624301519,0.2375368053173419,0.2496272572770506,0.40524026902593857,3.8789896670493684,1.125708760520844
linoleum,120.0,2.0943951023931957,0.8783582089552239,0.8083811710677383,-0.7857634902411021,-0.9964408725602756,0.3776106505583438,0.36171798992579973,0.40968576730410433,0.4060675071355336,3.46894374282434,1.005490517997098
linoleum,125.0,2.181661564992912,0.9873708381171068,0.8069460390355913,-0.7784730195177957,-1.0730195177956372,0.4316552508161055,0.38986175014176966,0.44344162091964817,0.44161757000999174,3.6458094144661306,1.0618595239073356
linoleum,130.0,2.2689280275926285,0.8628833852714449,0.6585205838937183,-0.5488491607894593,-0.9372915641572357,0.3737281456004402,0.4131712284645293,0.3838476969657071,0.38754857271804766,3.007544694111858,0.8865019457453062
linoleum,135.0,2.356194490192345,0.746752069611457,0.35216629403589345,-0.3233428001691945,-0.8221644812375369,0.608873309273421,0.2716099248787134,0.30627370947148996,0.6812858626866919,2.244425645054082,0.6980024166479932
linoleum,140.0,2.443460952792061,0.8564293915040184,0.37898966704936854,-0.28421354764638346,-0.9807118254879449,0.3656255552949304,0.20832973551382086,0.1863011346041913,0.3779564674352938,2.500344431687715,0.7998874587569048
linoleum,145.0,2.530727415391778,0.8784820835095777,0.28225270409088166,-0.308961266541785,-0.9381231494350112,0.35392563713132696,0.18082137662077394,0.22754865691366716,0.39675995511179096,2.4078192035772554,0.7799712394617998
linoleum,150.0,2.6179938779914944,0.9078235197638183,0.26280684489639716,-0.27707615767317256,-0.7894592969219835,0.35943319141953256,0.1830693589169405,0.18354267827759485,0.384749274327508,2.2371658192553716,0.7281298468984051
linoleum,155.0,2.705260340591211,0.6857470887321633,0.2621507845388442,-0.20611229566453448,-0.8390465256136898,0.580709185935035,0.1873644830946182,0.2003954547181027,0.5948918599323387,1.9930566945492316,0.6539848446525505
linoleum,160.0,2.792526803190927,0.8217414949543779,0.21578343102302255,-0.209922049670675,-0.8147320079763128,0.3433590565335608,0.16573530874687137,0.19135448261465374,0.3466895021538665,2.0621789836243885,0.6903225503535964
linoleum,165.0,2.8797932657906435,0.7522962112514351,0.17020665901262916,-0.12525832376578647,-0.760390355912744,0.31257958727082974,0.14860663537765806,0.18677065370212992,0.32659202320503977,1.8081515499425946,0.6294080497928988
linoleum,170.0,2.9670597283903604,0.7104961024835338,0.03559127439724455,-0.1152335488549157,-0.6475315729047073,0.23790155431586618,0.13749866445477496,0.1575231836170538,0.2621815106259704,1.5088524986404013,0.5593382466075704
linoleum,175.0,3.0543261909900767,0.5071094232977126,-0.04651299714445524,0.06788542494627454,-0.5065795283935353,0.24787303276167044,0.188373103860353,0.2029663817588138,0.2840598965687169,1.1280873737819777,0.4165072018878234
grass,-180.0,-3.141592653589793,0.8430720889479727,-0.8186597377485044,0.9438032509517191,-0.7543053960964409,0.4034590940523499,0.37677237200442887,0.3917045719330854,0.4355197783937994,3.359840473744637,0.9711292612893497
grass,-175.0,-3.0543261909900767,0.4737849215461156,-0.9696572084631787,1.0131758788475207,-0.5807227598272374,0.31191144311354924,0.4205060591399042,0.4490680711834848,0.30021296304383066,3.0373407686840523,0.9178718213626368
grass,-170.0,-2.9670597283903604,0.252911267836641,-1.1758788475206385,1.3701273850527582,-0.2958285495598929,0.35671978846531804,0.5655341086111911,0.641855068105244,0.2838493126708767,3.0947460499699306,1.065472269028348
grass,-165.0,-2.8797932657906435,0.19039418293149638,-1.206084959816303,1.4483352468427095,-0.16067100395458606,0.4067852762566643,0.6474628661304195,0.7744514238448466,0.37229843818389446,3.005485393545095,1.094819413175142
grass,-160.0,-2.792526803190927,0.0406671097951538,-1.3288416218502628,1.504260076137531,-0.24786996193123453,0.5782877740098078,0.8284483821692805,0.9894792012050183,0.5917657476052032,3.121638769714182,1.167826928170888
grass,-155.0,-2.705260340591211,-0.23261895649955353,-1.5538333971169793,1.737912999107029,0.15754560530679937,0.6825582248610753,0.9037876760663243,1.1536687537269892,0.6548489240318817,3.681910958030361,1.3553230149374584
grass,-150.0,-2.6179938779914944,-0.3714695752009185,-1.773478760045924,2.131687715269805,0.3322043628013778,0.7607927182461116,0.9820322660834545,1.257526891134169,0.8022081429322852,4.608840413318026,1.6240112411309178
grass,-145.0,-2.530727415391778,-0.6126510305614783,-1.978678038379531,2.2530206112295663,0.6138538078836586,0.8307925444904446,1.0284346442510746,1.2134162901356893,0.9295362174109965,5.458203488054234,1.8004115387776989
grass,-140.0,-2.443460952792061,-0.5415231534634519,-2.127986441419277,2.213383631294079,0.4591329068941009,0.8682324642158514,1.0604535035119342,1.2373281548412796,0.934882531139611,5.342026133070909,1.8194725871020847
grass,-135.0,-2.356194490192345,-0.7085624509033778,-2.170221765665599,2.3048522569339536,0.6064414768263944,0.7099234557317605,1.106403620420539,1.2768917529547625,0.8364957465961343,5.790077950329326,1.9054110871349894
grass,-130.0,-2.2689280275926285,-1.7549700888271194,-2.379660402441235,2.6285576167744273,2.010453803855218,0.427597091147895,1.048259911020918,0.9164739418463477,0.4356633326488261,8.773641911898,2.5580163705032315
grass,-125.0,-2.181661564992912,-1.3088950850144878,-1.9858947023126126,2.5397189874801818,1.1694275873380353,1.2617822628997348,1.051842227218856,1.2267954738561613,1.2450567166569113,7.003936362145318,2.115954839058718
grass,-120.0,-2.0943951023931957,-1.5631731452626973,-2.197692854409272,2.6529987425509813,1.513859275053305,1.2755084376313508,1.1114004403944004,1.250201358596161,1.381355609878256,7.927724017276256,2.349633235023278
grass,-115.0,-2.007128639793479,-1.683068175605489,-2.00120277732218,2.603794215734514,1.5817615220600294,1.1752615904304935,1.0663394956766705,1.286257473657545,1.369000548385778,7.869826690722212,2.313469491289033
grass,-110.0,-1.9198621771937625,-1.9632001933651577,-2.059459786089794,2.776844522327633,1.8651278022841258,1.2832614467516636,1.1082933701975684,1.3564160180640108,1.4766411072729073,8.66463230406671,2.5291111669628323
grass,-105.0,-1.832595714594046,-1.9005612960836844,-2.099183569332823,2.588531700471999,1.7323638219160609,1.2311335755675668,1.166196374795846,1.335238401536248,1.4726718703771646,8.320640387804566,2.428614230217303
grass,-100.0,-1.7453292519943295,-2.130137772675086,-2.1389781859931114,2.62548794489093,2.071756601607348,1.189347559219384,1.0940858801077593,1.2798001574618265,1.4274986794017637,8.966360505166476,2.5982207664652264
grass,-95.0,-1.6580627893946132,-2.1077406489818116,-1.9629584869176386,2.4643785122968156,2.154752553024352,1.1615426385280465,1.0992752035024262,1.327544338774819,1.4294980919405227,8.689830201220618,2.512415987720795
grass,-90.0,-1.5707963267948966,-2.22158438576349,-1.9616204690831558,2.510086927997376,2.3098791755508175,1.1078588704445316,1.043066223660566,1.2605314685205253,1.359269442476475,9.00317095839484,2.6024414189742937
grass,-85.0,-1.4835298641951802,-2.1953055236637327,-1.9933027171833142,2.3700089297104223,2.3288046944763368,1.113207291405587,1.1367050124580445,1.2985755521908793,1.5291134806944704,8.887421865033804,2.5669578826037016
grass,-80.0,-1.3962634015954636,-2.3726422830900447,-1.9646274123886067,2.2687660598108357,2.5076813733530154,1.091984111944956,1.151727502902649,1.2881972746730714,1.4876844899710553,9.113717128642502,2.6379751266269342
grass,-75.0,-1.3089969389957472,-2.1833947670554115,-1.8512901081636353,2.0587346667472355,2.658891775938123,1.1087548906738618,1.270172901165085,1.3044825690663775,1.4853076836725319,8.752311317904406,2.54204506788428
grass,-70.0,-1.2217304763960306,-2.2392980154174182,-1.672297851402329,1.71559783500082,2.566890820622164,1.0126886202561467,1.175428026033258,1.0927681252951618,1.4222571926577425,8.194084522442731,2.4020026198233357
grass,-65.0,-1.1344640137963142,-2.2319173363949485,-1.3879388482687776,1.477793220134147,2.6375611819445286,1.0429418859892259,1.1246256331848834,1.1649077501110445,1.5015165080595139,7.735210586742402,2.3084664037800584
grass,-60.0,-1.0471975511965976,-2.0035047434890325,-1.500453199589099,1.581062299836848,2.404193606864463,1.1172612384606506,1.1334045972493554,1.1716495816075618,1.3512267548121433,7.489213849779443,2.1975277035907577
grass,-55.0,-0.9599310885968813,-2.058976373194755,-1.0893709589703304,1.2520393981509454,2.3348842830382504,1.0882802062436263,1.2017734215025502,1.0964872478616974,1.5034228267069862,6.735271013354281,2.0328397836395076
grass,-50.0,-0.8726646259971648,-2.1354764638346726,-0.7951644492469778,0.9395556155872221,2.262983723914365,1.57141382031536,0.8096428396368656,0.8716474450890406,1.918239304517735,6.133180252583237,1.9302784021869737
grass,-45.0,-0.7853981633974483,-1.8360361653272101,-0.4683553386911596,0.8027411021814006,2.122919058553387,1.6379171829349835,0.8107137377756315,0.9117678465319633,1.978321165492164,5.230051664753157,1.697554166442219
grass,-40.0,-0.6981317007977318,-2.5424161245056767,-1.0951651996428118,1.186375813241485,3.31751498915678,0.39561982677331725,0.12643574902040558,0.1219931945933752,0.5112901771251022,8.141472126546754,2.574816291838643
grass,-35.0,-0.6108652381980153,-1.185634328358209,-0.03135763490241102,0.1317451205510907,1.2703788748564868,1.7102068623885824,0.7086979573839447,0.7972095271848717,2.0595379951244315,2.619115958668197,1.0048818930579244
grass,-30.0,-0.5235987755982988,-1.6676234213547645,-0.021558872305140957,0.13624186758515117,1.7897053195560657,1.0309589351606405,0.7080163689490079,0.7889086385307237,1.3977196429434189,3.615129480801122,1.41291958181869
grass,-25.0,-0.4363323129985824,-1.514963643321852,0.0007654037504783652,0.13555300420972063,1.6880214313050133,0.960625038093337,0.42008243432370557,0.47890053288301654,1.149011735818291,3.339303482587064,1.3088134560574487
grass,-20.0,-0.3490658503988659,-1.4210103329506312,0.04896670493685419,0.20068886337543054,1.680711825487945,0.8155953172489249,0.491392211480573,0.5094867148654845,0.992104728533676,3.3513777267508607,1.2677900997277958
grass,-15.0,-0.2617993877991494,-1.1944890929965557,0.3001913509376196,-0.06858017604286261,1.306620742441638,0.7345289492688633,0.3090728939302611,0.3512325320549919,0.7749660083608956,2.869881362418676,1.0326890889435234
grass,-10.0,-0.1745329251994329,-0.8125307528292602,0.4004428407413482,-0.14556339183204856,0.8786288338527145,0.8007673089727795,0.541330595055539,0.4434494579719818,0.8411239392351731,2.2371658192553716,0.7275487104043008
grass,-5.0,-0.0872664625997164,-0.9387676999617298,0.42352340859803544,-0.25577241995152444,1.1279499936216355,0.45997459672708507,0.33170632360345415,0.3350188452950825,0.5127129653402549,2.746013522132925,0.8881623817441519
grass,0.0,0.0,-0.6845989831064458,0.6729539117598818,-0.660270078180526,1.1249248264173637,0.28527598121346215,0.3134185968248673,0.2546856724427177,0.2419368361451398,3.1427477994642175,0.9258600928172865
grass,5.0,0.0872664625997164,-0.44741676234213545,0.9107921928817452,-0.872215843857635,0.6413892078071183,0.24873470920048252,0.4397310179090822,0.41361570376220147,0.3475008332244516,2.871814006888634,0.8540774821510054
grass,10.0,0.1745329251994329,-0.22811045984651643,1.1526980482204363,-1.1105806997401657,0.39410236268052456,0.26537058347569215,0.5113359654669658,0.5743441093596694,0.2955897824183575,2.885491570487643,0.9589275207313068
grass,15.0,0.2617993877991494,-0.11670493685419057,1.3818599311136626,-1.2497703788748566,0.10189437428243397,0.4235300685674326,0.6505393183139979,0.6867645302517648,0.3559799622306872,2.850229621125144,1.0788924544137346
grass,20.0,0.3490658503988659,0.6351633441185679,2.5025049577288385,-2.3068051351633443,-0.9379501095919005,0.31300486915562986,0.3752422154862737,0.3891498139997639,0.36932690771727006,6.382423546602651,2.07076451047541
grass,25.0,0.4363323129985824,0.1453864281829718,1.7044534412955465,-1.7031240558341894,-0.2748806574415373,0.49040123878249486,0.8652005226150892,1.0286495561732523,0.4875949783218752,3.8278445827542447,1.4021867583224228
grass,30.0,0.5235987755982988,0.5010114263845608,2.012519818489968,-1.9902684380296323,-0.563719862227325,0.605949274623113,1.0118599451672776,1.0719136548268957,0.5921518797331526,5.067519545131486,1.6911325410639995
grass,35.0,0.6108652381980153,0.6527253840686676,2.103274834618118,-2.257941063911213,-0.6577551801432399,0.7242969381743395,1.0743183585365434,1.331114788050221,0.8155315914050707,5.671696462741239,1.8596038535951387
grass,40.0,0.6981317007977318,0.6613088404133179,2.1838177533385705,-2.258505045622092,-0.881624267327331,0.7583702863449789,1.1355032858461063,1.334279880394082,0.923385864644532,5.985255906701312,1.9203071890510075
grass,45.0,0.7853981633974483,0.6329687594416581,2.0795818478457915,-2.189739561302798,-0.6906761737869357,0.9384578875259577,1.0654089634972213,1.317207865360245,1.2076779868048426,5.592966342377183,1.8248523557087517
grass,50.0,0.8726646259971648,1.1390847958012138,2.24192225684763,-2.3045760209939314,-1.4571100541249795,0.8628782038630246,1.080623530256671,1.2581596127883972,0.9197151833731542,7.142693127767754,2.138670988769224
grass,55.0,0.9599310885968813,1.3587527947307996,2.3644328962475076,-2.3051543899933535,-1.5641428485104842,1.0589045792721987,1.2161577552684524,1.3413971279315888,1.147457414316102,7.592482929482146,2.250310685529014
grass,60.0,1.0471975511965976,1.2551345834927925,2.3510651868860823,-2.3291873963515757,-1.5219415741803801,1.3508839981774408,1.1961901764627934,1.4295951978645614,1.4404411092583982,7.45732874091083,2.2233078089442238
grass,65.0,1.1344640137963142,1.4105753284857765,2.4306033932899602,-2.4171450440107156,-1.729238423268274,1.2426998692793287,1.152269646930851,1.3776951213136126,1.4638593429485716,7.987562189054726,2.3598816225204255
grass,70.0,1.2217304763960306,2.169482259034498,2.5384615384615383,-2.573123394018916,-2.9732108687332572,0.21611620096114592,0.2908625393862736,0.37300635782197183,0.38383582483162093,10.25427806024821,2.9684823553603303
grass,75.0,1.3089969389957472,1.7611393581542836,2.3326772729757805,-2.4186758515116726,-2.163905745995298,1.1667610345195683,1.1457192135728027,1.3450615439354543,1.3421243737141126,8.676398228637034,2.5176545469176688
grass,80.0,1.3962634015954636,1.9827237439177736,2.4436061450986823,-2.4600623257339675,-2.6457274069214365,1.0861774903014256,1.1141816747542201,1.2546161943342817,1.4556772130400861,9.53211962167186,2.7591525374959325
grass,85.0,1.4835298641951802,1.8468554662584515,2.0375047837734406,-1.980354637071055,-2.3150274269677253,1.2289372953126383,1.3391193573235594,1.4219709012504227,1.5486574412255265,8.179742314070673,2.3665180188364396
grass,90.0,1.5707963267948966,2.1214121699196324,2.3130309988518944,-2.148794489092997,-2.576406429391504,1.0491337427138263,1.0857696638718954,1.2699559560686138,1.3293164881524293,9.159644087256027,2.6510724134989028
grass,95.0,1.6580627893946132,2.144833524684271,2.1474167623421354,-2.174913892078071,-2.667164179104478,1.0736220148750604,1.1588962609398128,1.2752779860637817,1.4111953344066899,9.134328358208956,2.6445004032263046
grass,100.0,1.7453292519943295,2.123632847906218,2.090035651701009,-2.0540213910206053,-2.744757991419421,1.1680211109926875,1.3272174591630195,1.4408467657189223,1.5181007766598456,9.012447882047253,2.6169433262247126
grass,105.0,1.832595714594046,2.0393377243337967,1.9929300864100552,-1.860837512840655,-2.6519427155719377,1.0791704886536806,1.255945942816838,1.3035585172955486,1.4327389801039045,8.545048039156445,2.4878680332898107
grass,110.0,1.9198621771937625,2.191890199352886,1.872821208642104,-1.716156977351007,-2.7091117837386496,0.9976877328478589,1.106420949146287,1.0322700637734905,1.2873893073179599,8.489980169084646,2.4875572323093325
grass,115.0,2.007128639793479,2.0516647531572905,1.5929965556831231,-1.545350172215844,-2.474486541650721,1.3773381973871148,1.222055156095173,1.168101352250392,1.5775157980429333,7.664498022706979,2.252625722663089
grass,120.0,2.0943951023931957,2.1791044776119404,1.3533748262734906,-1.331198259713578,-2.633331319112937,1.1261831619032836,1.1593663598430095,1.1889374199578182,1.4145861452075579,7.497008882711946,2.2538837242713288
grass,125.0,2.181661564992912,2.219348601123935,1.136382863012871,-0.9057949120792798,-2.4365822708320746,1.099816907769548,1.2182691069447593,1.171017990539173,1.3410637038246669,6.69810864704816,2.079601502350489
grass,130.0,2.2689280275926285,2.1818841017584147,0.8096561725784035,-0.8196869901504622,-2.487038491751768,0.9889314375468325,0.9583835792514969,0.985059719643884,1.3323997356145076,6.298265756239049,2.020608253621522
grass,135.0,2.356194490192345,1.6365097588978186,0.46796785304247995,-0.29720627631075397,-1.702411021814007,1.7903542972040791,0.9752998052625808,1.0043805738965677,1.6792593147356225,4.10409491006506,1.4001123810808815
grass,145.0,2.530727415391778,1.8173161342608226,0.1555345444722091,-0.14783548321739717,-1.8904572161815358,1.2066534060668646,0.8463868154251837,0.8870765073397955,1.6065852329460384,4.011143378131965,1.518929675589869
grass,150.0,2.6179938779914944,2.633089612665418,1.182971780772252,-1.1484681853888452,-3.3753096863858842,0.4149607889817307,0.31014987568296704,0.25780448512629267,0.3247339621745827,8.3398392652124,2.64064778295423
grass,155.0,2.705260340591211,1.1689150401836967,-0.13920780711825487,0.21010332950631455,-1.2583955223880596,1.1074247708188916,0.7571801428949803,0.8181526679838158,1.2925076140085658,2.776621699196326,1.00222378312488
grass,160.0,2.792526803190927,1.5451084657683245,-0.07764819626563539,0.25693395371321526,-1.508973351864161,0.845350464058447,0.5360824444764909,0.5053194718602998,0.9608871376859722,3.388663967611336,1.254963944850692
grass,165.0,2.8797932657906435,1.0133307819874984,-0.14829697665518562,0.4619849470595739,-1.096568439852022,0.9424030032440394,0.6402709313356839,0.5916444342343684,1.0372864304848675,2.72018114555428,0.9039629168205534
grass,170.0,2.9670597283903604,1.1827401454267126,-0.3458349279244802,0.6468299528001021,-1.0403112641918613,0.6200712366748788,0.3569550908571815,0.27562276295136984,0.6772895817061673,3.215716290343156,0.9949801292978693
grass,175.0,3.0543261909900767,0.6338818726878428,-0.5263426457456308,0.8059063656078582,-0.6235489220563847,0.6436537732825943,0.4268837780388011,0.45012846234877135,0.6707799440098848,2.5896798060977164,0.7519155798551839
rubber_carpet,-180.0,-3.141592653589793,1.21568729777685,-0.25200918484500573,0.27982465295898135,-1.3106147583759524,0.2963197899279108,0.31774373237577286,0.3263887441316632,0.3034779459204835,3.0581358939567895,1.0545601155007496
rubber_carpet,-175.0,-3.0543261909900767,0.7186567164179105,-0.6987944890929966,0.7769804822043628,-0.7774397244546497,0.3961349675320795,0.4835887741641112,0.5468397687511334,0.35070075289366487,2.9718714121699197,0.8588360902928469
rubber_carpet,-170.0,-2.9670597283903604,-0.21888633754305398,-1.7884615384615383,1.9373708381171069,0.28105625717566013,0.27370710242539215,0.5019765736266578,0.56922380940268,0.2861584798899908,4.225774971297359,1.5349012648158153
rubber_carpet,-165.0,-2.8797932657906435,0.14345579793340985,-1.4008036739380023,1.528300803673938,-0.13714121699196327,0.666071214515899,0.8744511618927009,0.9884586398644115,0.6918787584635182,3.2097014925373135,1.2017855001772373
rubber_carpet,-160.0,-2.792526803190927,-0.05683122847301953,-1.6523849285043315,1.748877987683958,0.0809414466130884,0.8198930227366684,1.080604613394214,1.204271210129285,0.8469321889383461,3.539035591274397,1.3898555304345201
rubber_carpet,-155.0,-2.705260340591211,-0.34166579688967746,-1.8695334516230038,2.165170650245277,0.3393173990188916,0.8649748163027313,1.124447212434771,1.4134668343795425,0.9939378749869532,4.715687297776849,1.6726711676537642
rubber_carpet,-150.0,-2.6179938779914944,-0.5373134328358209,-2.1003444316877156,2.1854764638346724,0.4691159586681975,0.9829107663954738,1.290405263067433,1.4632946187373188,1.0213353295813672,5.292250287026406,1.7978188561575017
rubber_carpet,-145.0,-2.530727415391778,-1.2337761740746815,-2.690394182931496,3.2493576075665627,1.232245366573725,0.4697809834034296,0.7420643144221071,0.9251132512661574,0.6675230797339932,8.405773331146465,2.6305573067253167
rubber_carpet,-140.0,-2.443460952792061,-1.3959398810145078,-2.830602233587308,3.281233691681453,1.296419997912535,0.4798145328930399,0.8118003917926221,0.9676748714032299,0.7581124173037983,8.804195804195803,2.731137532975709
rubber_carpet,-135.0,-2.356194490192345,-1.4319610737521185,-2.825651959980318,3.262150784538844,1.4150128478486685,0.4825095946043123,0.7575901169399193,0.9415583600710485,0.7052279920879658,8.93477666611995,2.746798435762271
rubber_carpet,-130.0,-2.2689280275926285,-1.6678530424799083,-2.640872560275545,3.338518943742824,1.6328358208955223,0.6794438366310437,0.8201012338512804,1.0799043519132774,0.9779887782171367,9.2800803673938,2.796309106370434
rubber_carpet,-125.0,-2.181661564992912,-1.9107666794233957,-2.823574435514734,3.301696644980227,1.9557979334098736,0.8594791017854287,0.8945256829302063,1.10099393183352,1.1269878088601626,9.991835693328232,2.959815636224134
rubber_carpet,-120.0,-2.0943951023931957,-2.4887276902202276,-2.828306022335873,3.6421041644922245,2.333681244129005,0.8999017042371062,0.8655920036010915,0.9898716463558959,1.0737486958478404,11.292819121177331,3.306336488068237
rubber_carpet,-115.0,-2.007128639793479,-2.5727838540093053,-3.009789111124539,3.595383406852378,2.4958607770862287,0.9817096741312927,0.8341905768273331,1.0515521032410073,1.0760908408118188,11.67381714907245,3.4043826416131906
rubber_carpet,-110.0,-1.9198621771937625,-2.678947917753888,-3.145600667988728,3.7189228681765996,2.825592318129632,0.7916269103473624,0.9485597075838134,0.9748952559506735,0.8531180757482536,12.369063772048847,3.5942702912518647
rubber_carpet,-105.0,-1.832595714594046,-2.686840522661418,-3.0624350773604507,3.622327920835384,2.9827784156142365,0.7641914638280365,0.8323441520419242,1.0022510669445077,0.8854115106795113,12.354381936471489,3.5792334224722544
rubber_carpet,-100.0,-1.7453292519943295,-2.7942281598998018,-2.936123577914623,3.606617263333681,2.983404655046446,0.8192675537540939,0.8663827014354626,0.9906833795528674,1.021895687271009,12.320373656194551,3.5661447853134094
rubber_carpet,-95.0,-1.6580627893946132,-2.8712399540757754,-2.808840413318025,3.3998851894374282,2.930597014925373,0.7950033626638742,0.8140898111990503,1.047523451971049,1.0642297693134353,12.010562571756603,3.4725334588852155
rubber_carpet,-90.0,-1.5707963267948966,-2.9382893226176807,-2.7482204362801377,3.3897244546498277,3.2157864523536164,0.8540337279316617,0.8776541667650237,1.078737083760261,1.09750133555711,12.292020665901262,3.5499593104632496
rubber_carpet,-85.0,-1.4835298641951802,-3.0545872038409354,-2.6317190272414153,3.3381171067738236,3.1870368437532615,0.8977555168127971,0.8703025739409491,1.0053631071465887,1.2259254825769654,12.211460181609436,3.5299084649173587
rubber_carpet,-80.0,-1.3962634015954636,-3.0852878464818763,-2.4302115794653107,3.057787983161117,3.051938111639604,0.8502255218454139,0.8870800164721448,1.195706637115161,1.3288156311762145,11.625225520747907,3.366553463626399
rubber_carpet,-75.0,-1.3089969389957472,-3.0918484500574053,-2.525582788399141,3.0371387211101686,3.510956921080217,0.8327423085042535,0.8138416232965509,1.1159589693279532,1.203808843020969,12.165526880646931,3.5247974558374193
rubber_carpet,-70.0,-1.2217304763960306,-3.1050516647531574,-2.5940924746894893,2.7967853042479907,3.692412065546394,0.8505271294068435,0.9075494244408713,1.0409221664516735,1.0657494403382608,12.18834150923703,3.5435636714650127
rubber_carpet,-65.0,-1.1344640137963142,-3.1151731222430357,-2.293915040183697,2.610913046105505,3.272765726025742,0.8938737029550978,0.9839594172728597,1.2493125488286174,1.341288961254799,11.29276693455798,3.2882570440480166
rubber_carpet,-60.0,-1.0471975511965976,-2.8921874145754747,-2.292056202503964,2.440544530096769,3.4964190038816905,0.9230793438603088,1.003633754564162,1.1042803840875604,1.1024819287581185,11.121207151057899,3.248477916000653
rubber_carpet,-55.0,-0.9599310885968813,-2.908588923514297,-2.056585205838937,2.307473620906457,3.481602974140288,0.8243748154643878,0.8837539711333876,0.9696753996707036,0.9100145210822352,10.754250724399979,3.1604705449950186
rubber_carpet,-50.0,-0.8726646259971648,-2.7739954075774973,-1.650516647531573,1.9250861079219286,3.3605051664753156,0.6679649963262304,0.63810904186847,0.7051050125157415,0.8101210633581116,9.710103329506314,2.900163378523626
rubber_carpet,-45.0,-0.7853981633974483,-2.762342135476464,-1.2571234735413839,1.5156559858052396,3.367445986848972,0.7804776668722441,0.5567899669784062,0.6628882852011794,1.051807419733488,8.90256758167206,2.7484136091365605
rubber_carpet,-40.0,-0.6981317007977318,-2.3788748564867968,-0.7803673938002296,0.8925373134328358,2.6719862227324915,1.291101177984316,1.0784446559957868,1.1258067402689431,1.75920485917363,6.723765786452354,2.172793045237934
rubber_carpet,-35.0,-0.6108652381980153,-2.7361966391817134,-1.1050516647531574,1.1848971923598792,3.089134745851164,0.7723494594683458,0.6265052705457567,0.6718963145421661,1.2418061918904428,8.115280242145914,2.5565484965741057
rubber_carpet,-30.0,-0.5235987755982988,-2.458531518233011,-0.7663878410147067,1.1703023344814387,2.902957738778634,0.7631117451522811,0.6551274824288835,0.718758809618337,1.0631369207985806,7.298179432507791,2.3272715243724797
rubber_carpet,-25.0,-0.4363323129985824,-1.9521075938986387,-0.7672625881581107,0.5236455087201355,2.6894100923951667,0.9385690209818761,0.6521093551639584,0.820477353268182,1.0973940242489664,5.932425783172052,1.987093008893126
rubber_carpet,-20.0,-0.3490658503988659,-1.5557353094666526,0.0031311971610479042,0.12764847093205303,1.7062415196743554,1.0654706214308296,0.7976029262971192,0.8767650184116371,1.3259810903766174,3.3927564972341093,1.3326785029626167
rubber_carpet,-15.0,-0.2617993877991494,-1.3659325748877988,0.13281494624778206,-0.06413735518213129,1.4545976411648054,0.9343334344949782,0.7179103114853228,0.6859011167932061,1.1184316491174697,3.0174825174825175,1.1542949260830868
rubber_carpet,-10.0,-0.1745329251994329,-1.716475315729047,-0.3156716417910448,0.41458094144661306,2.0993685419058554,0.4600924927347468,0.38603755615721685,0.3416866259708291,0.5351943842144402,4.54609644087256,1.588199012321635
rubber_carpet,-5.0,-0.0872664625997164,-0.8548690115854295,0.4488049264168667,-0.520457154785513,1.1937689176495148,0.48574704763306753,0.3252709761849908,0.32486112600608674,0.7231679365929828,3.017900010437324,0.932797126451803
rubber_carpet,0.0,0.0,0.16727898966704938,1.8710103329506318,-1.837715269804822,-0.4050516647531573,0.4051694212949803,0.36360959651129376,0.36284732103346456,0.5077404909144115,4.281056257175661,1.5340005885417138
rubber_carpet,5.0,0.0872664625997164,-0.051779563719862226,1.4927095292766934,-1.4466130884041333,-0.06687715269804823,0.25146752302446834,0.3818613945394773,0.3704460722939076,0.2546926227391382,3.057979334098737,1.200931387814031
rubber_carpet,10.0,0.1745329251994329,0.05817068503635669,1.595648132961566,-1.6138538078836588,-0.15947733858181617,0.3433404706813267,0.5652084021516188,0.5908431244401212,0.38701019514528645,3.4271499644633976,1.313502078211669
rubber_carpet,15.0,0.2617993877991494,-0.018260346618555585,1.4959816303099884,-1.5120551090700345,-0.02285276912142584,0.6723401929577821,0.9025926408590229,0.927753957674072,0.6980601078322205,3.0491498551200045,1.2280485608961402
rubber_carpet,20.0,0.3490658503988659,0.3766285628712624,1.9844256975989618,-1.9975041182049618,-0.487445714570958,0.6680511632970826,1.0057746529571412,1.0552368117484872,0.8201544171175029,4.846004093246144,1.663688965557338
rubber_carpet,25.0,0.4363323129985824,0.5132554013151028,2.066537939672268,-2.0834985909612778,-0.5912222106251956,0.7886162894357821,1.099637111595024,1.21875571354835,0.9068918433331541,5.254514142573845,1.7533080579544726
rubber_carpet,30.0,0.5235987755982988,0.6139084795801214,2.2731397955278556,-2.2987808211688807,-0.6917609753430649,0.8392543079055207,1.1763878672663723,1.3467949388736982,0.9714707552630706,5.877590071619922,1.9411591841690117
rubber_carpet,35.0,0.6108652381980153,1.275143513203215,2.9823765786452356,-3.011710677382319,-1.5110218140068887,0.5270521960774844,0.7871070504482874,0.8024596197137438,0.5927160027896291,8.780252583237658,2.6991705366996044
rubber_carpet,40.0,0.6981317007977318,1.3141316827235063,3.053811211501023,-3.0922477911446116,-1.5911246443368443,0.4979422117461694,0.7455799817357704,0.8714546338519387,0.6410314437270024,9.051315329705986,2.776178733547695
rubber_carpet,45.0,0.7853981633974483,1.3554535017221585,3.0097588978185996,-3.159873708381171,-1.7695752009184846,0.5175920626656846,0.828572009075164,0.8255591573968062,0.6328780720698924,9.294661308840414,2.8244474594285482
rubber_carpet,50.0,0.8726646259971648,1.6059701492537315,2.8752583237657867,-3.417508610792193,-1.7102181400688863,0.6918625267276347,1.0879882239697238,0.9710417822332991,0.9051539882894567,9.608955223880598,2.90665740065371
rubber_carpet,55.0,0.9599310885968813,2.1515499425947184,3.356199770378875,-3.3254879448909302,-2.4549942594718717,0.9707194204370491,0.8585088532506648,0.8990044418372696,0.961584833786375,11.288231917336397,3.314640009958872
rubber_carpet,60.0,1.0471975511965976,1.733458214997885,2.9871895582814676,-2.631035107861502,-1.791588615626322,1.5728612342672796,1.588149854809404,1.6112938920345603,1.7899400939230206,9.143271496767177,2.7103572804538505
rubber_carpet,65.0,1.1344640137963142,2.4053334724976514,3.5051142886963786,-3.2336394948335245,-2.9857530529172323,1.179747691539924,0.9524392849266142,0.8768205797546649,0.959214114667136,12.129840308944786,3.5317011597815844
rubber_carpet,70.0,1.2217304763960306,2.5544803455251213,3.4484719260838665,-3.4580941446613087,-3.0586080586080584,0.8041486605302525,0.9195921475718697,0.9821994979349835,1.0553695464338189,12.519654474878354,3.6361537408877274
rubber_carpet,75.0,1.3089969389957472,2.6743033086316665,3.4109696273875385,-3.4340882997599413,-3.0928921824444213,0.7651478211642151,0.8818179759250468,0.9780166957081332,1.0610960009817691,12.612253418223569,3.655898434913242
rubber_carpet,80.0,1.3962634015954636,2.7421459137877053,3.428504331489406,-3.378979229725499,-3.424694708276798,0.7492294930337886,0.8724572515725598,0.9356911530337828,0.9111663042237719,12.974324183279407,3.755878099480502
rubber_carpet,85.0,1.4835298641951802,2.6660578227742406,3.221375639286087,-3.1737292558188077,-3.514716626656925,1.0058025183957706,1.051782304842336,0.9156694043386719,0.8739454909911154,12.57587934453606,3.6400783166613997
rubber_carpet,90.0,1.5707963267948966,2.823478760045924,3.2442020665901268,-2.9950057405281285,-3.610332950631458,0.8868748698063905,0.9369128455132,1.1377893685011498,1.0711686175525417,12.673019517795638,3.671020464970143
rubber_carpet,95.0,1.6580627893946132,3.0385763490241104,3.052066590126292,-3.111768082663605,-3.62158438576349,0.8832249915923697,0.851131066939743,1.0093414866061967,1.0709920487809779,12.823995407577499,3.7078188502203417
rubber_carpet,100.0,1.7453292519943295,3.152870264064294,3.131515499425947,-2.8548794489093,-3.6757749712973595,0.9083987822147238,0.863252437151154,0.8541998768870983,1.0509822519177847,12.815040183696901,3.714542433452889
rubber_carpet,105.0,1.832595714594046,3.2974115436802003,2.9686880283895207,-3.085742615593362,-3.662248199561633,0.9192083745613504,0.8419430456465592,1.1329006494310334,1.1108444623914786,13.014090387224716,3.7666008580079873
rubber_carpet,110.0,1.9198621771937625,3.216000417492955,2.8550777580628326,-2.788070138816407,-3.613140590752531,1.0203988910650275,0.9743760627745366,0.9536154057890359,1.188601833393721,12.472288905124726,3.619162004368711
rubber_carpet,115.0,2.007128639793479,3.259127439724455,2.6748564867967852,-2.60947187141217,-3.751320321469575,0.8721360809803184,0.8876336229139334,1.0245694302583046,0.9293402967459229,12.294776119402986,3.587616440443768
rubber_carpet,120.0,2.0943951023931957,3.4682548794489096,2.523076923076923,-2.418369690011481,-3.646785304247991,1.0640051562778317,1.0831528603499734,1.273187615624215,1.2129303475926432,12.056486796785306,3.5374615011106663
rubber_carpet,125.0,2.181661564992912,3.229137712248474,2.163212278687534,-2.4319294217173244,-3.668378754003263,0.9369867758183993,0.9271632218878672,1.0192111555402192,1.0020778225883065,11.492658166656597,3.383922769238676
rubber_carpet,130.0,2.2689280275926285,3.160317294645653,1.635163344118568,-1.7150610583446404,-3.4110218140068884,0.9304884050687123,0.7172661278606192,1.0145676951426728,1.2517183395000435,9.92156351111575,3.011674194145912
rubber_carpet,135.0,2.356194490192345,3.0063719862227325,1.351377726750861,-1.2779563719862228,-3.279678530424799,1.059713667807722,0.6445286149171184,0.95561605740837,1.2825646707785472,8.915384615384614,2.7835211219660607
rubber_carpet,140.0,2.443460952792061,3.0314163448491804,1.3442229412378666,-1.3168771526980483,-3.2458511637616114,0.8780362704204978,0.5959786951734446,0.730502168926089,1.1652498481867024,8.938367602546705,2.784324275166133
rubber_carpet,145.0,2.530727415391778,2.850015655985805,1.2462686567164178,-1.1935079845527607,-3.2493998538774655,1.0268780353816886,0.6902157874122239,0.6986730439596595,1.0059885130742352,8.539192151132449,2.6850697418938054
rubber_carpet,150.0,2.6179938779914944,2.526497069309324,0.9593328902048462,-0.7274759804217777,-2.8338872439422316,0.9864942631389206,0.6199701061952123,0.8841261691363624,1.1673546494517875,7.047193183878179,2.2994360852465396
rubber_carpet,155.0,2.705260340591211,2.2916188289322617,0.6196639181713809,-0.5056361548898862,-2.487214278259054,1.0665793861034163,0.7179949235300075,0.8689465941735319,1.312769226445523,5.9041331802525825,2.0063017132571908
rubber_carpet,160.0,2.792526803190927,2.4718714121699197,0.6541331802525833,-0.6314006888633755,-2.4954075774971294,0.6733663835432424,0.4900036367187944,0.5479118383514786,0.8820414994648106,6.252812858783008,2.094736589809847
rubber_carpet,165.0,2.8797932657906435,1.9236236400415505,0.21403969165163197,-0.07140123558034006,-1.880761030014761,0.7327485538305596,0.5120054976183462,0.6378449178452427,0.8443403483358526,4.089825597288284,1.557765325202819
rubber_carpet,170.0,2.9670597283903604,1.595292766934558,-0.06624569460390355,0.03679678530424799,-1.6486796785304247,0.5657313962248025,0.39859714459355305,0.3898078629753809,0.6106439479582602,3.3470149253731343,1.3250321690169544
rubber_carpet,175.0,3.0543261909900767,1.0884588048767152,-0.6639877535399924,0.5152807391613362,-0.7959105571045869,0.39098373841639256,0.38867442485075543,0.36840214292612083,0.4874033470516881,3.063637854682631,0.9164128594179739
cell_carpet,-180.0,-3.141592653589793,0.5030342791536822,-0.3919140560931606,0.3304083975725766,-0.45268164671149747,0.21265877191583568,0.18887571354868785,0.1923153656504621,0.1972637553180633,1.6780383795309168,0.49013583094393065
cell_carpet,-175.0,-3.0543261909900767,0.3660160734787601,-0.5117489475698431,0.5054726368159205,-0.33938002296211256,0.26889149185342115,0.3892850816799617,0.45172510756713163,0.26478419458005414,1.722617680826636,0.5054478239436963
cell_carpet,-170.0,-2.9670597283903604,0.1046211251435132,-0.7799225028702641,0.9154707233065442,-0.04936854190585534,0.28208587628312703,0.4998563618115894,0.5890161379046737,0.32873347055847096,1.8493828932261769,0.6953769605521823
cell_carpet,-165.0,-2.8797932657906435,-0.04546498277841562,-0.9735170302334482,1.1593570608495982,0.08205128205128204,0.32694319659226156,0.5924867810076628,0.6737269010934462,0.372974030156313,2.2603903559127443,0.8733604281136736
cell_carpet,-160.0,-2.792526803190927,-0.19999999999999998,-1.0438576349024111,1.2440872560275547,0.200459242250287,0.3837387898928926,0.6813592969406265,0.755536726071621,0.4757099149188059,2.688404133180253,0.9500011869092682
cell_carpet,-155.0,-2.705260340591211,-0.23804056639877533,-1.2365862992728665,1.3660160734787603,0.39265212399540755,0.3912941735251079,0.7170810848432452,0.7941925543100062,0.4443351006778028,3.2332950631458095,1.0932847632613396
cell_carpet,-150.0,-2.6179938779914944,-0.4450344431687715,-1.3524684270952927,1.5434127439724454,0.5038748564867968,0.45600251732145597,0.7331832849469774,0.8673198242978335,0.4816985437731327,3.8447904707233063,1.2446741432054451
cell_carpet,-145.0,-2.530727415391778,-0.47619369217262103,-1.412102384007564,1.624569460390356,0.5777672722361045,0.44471637059359304,0.7460963625391294,0.8685419058553386,0.4878715298083006,4.090632808806646,1.312653691878872
cell_carpet,-140.0,-2.443460952792061,-0.5206276310753922,-1.4528893991580558,1.6391886720244928,0.5797933409873709,0.4606847254699728,0.773228087798766,0.8649211178065954,0.4873332136510922,4.192499043245312,1.3403951274069832
cell_carpet,-135.0,-2.356194490192345,-0.6466704936854191,-1.4574483352468428,1.7039322617680825,0.6124425947187141,0.48087135562750716,0.8089314628562044,0.8433314119545697,0.5293342149462946,4.420493685419059,1.3915873797608151
cell_carpet,-130.0,-2.2689280275926285,-0.7936997703788748,-1.323837543053961,1.747919058553387,0.7888920780711826,0.6481842417786695,0.783073965163908,0.8160659591558109,0.7116602742729939,4.654348450057405,1.4161131401707516
cell_carpet,-125.0,-2.181661564992912,-1.0660543436662842,-1.458936088786835,1.7843092231151934,0.9348641408342901,0.7898965354037263,0.7990101641789772,0.9002141625196914,0.869222168379332,5.244163796402603,1.561331695231673
cell_carpet,-120.0,-2.0943951023931957,-1.2431957857769975,-1.5044235834402646,1.853785371783616,1.1936246369960153,0.7930422985785854,0.774941843763173,0.9129604749020075,0.9020405631351804,5.795029377996894,1.6978042144659886
cell_carpet,-115.0,-2.007128639793479,-1.4768465365480288,-1.6063528511289709,2.0313050133945656,1.6713356295445847,0.4580971591308947,0.522413989062583,0.40872179414761806,0.3314596952810559,6.78584003061615,1.965119262851578
cell_carpet,-110.0,-1.9198621771937625,-1.563935132032147,-1.5336538461538463,1.93506027554535,1.6453788748564868,0.2764175565325465,0.35954059319862314,0.5313269380823135,0.482736002556465,6.6780281285878305,1.9314442831417047
cell_carpet,-105.0,-1.832595714594046,-1.637657864523536,-1.4401836969001147,2.1205510907003444,1.5043628013777268,0.23882142491720035,0.46064755007986535,0.2178276409898346,0.3638812868130492,6.702755453501723,1.9528675236474027
cell_carpet,-100.0,-1.7453292519943295,-1.20196221688759,-1.199144139442647,1.6175764533973491,1.1104268865462894,1.028105279873632,1.2774225180916643,1.3145835940738462,1.1233674468534485,5.129109696273876,1.4950524942245922
cell_carpet,-95.0,-1.6580627893946132,-1.1072840923587193,-1.0718203852532209,1.4699579027937237,1.1157035336139816,1.0506888666860608,1.1682327505359469,1.2525561395463582,1.179606426318865,4.764765914019645,1.3831275513792605
cell_carpet,-90.0,-1.5707963267948966,-1.4221897505479595,-1.3658282016490972,1.7538879031416343,1.4778206867759105,0.9655748636779047,0.9322585546153425,1.0689254627779095,1.06295520408919,6.019726542114602,1.7415483318523255
cell_carpet,-85.0,-1.4835298641951802,-1.490929965556831,-1.34052812858783,1.505281285878301,1.4929965556831228,1.036005601356636,0.9844171236552254,1.0109579023091952,1.1130749927102375,5.8297359357060845,1.6840270270590012
cell_carpet,-80.0,-1.3962634015954636,-1.5776015029746373,-1.232543575827158,1.5693560171172112,1.6432522701179417,1.0036474419889463,0.8617693925425836,0.9929059408790363,1.1111280702016544,6.022753366036948,1.7445775364134033
cell_carpet,-75.0,-1.3089969389957472,-1.6546228135341392,-1.3539542108462215,1.8756669142972917,1.9843992706152496,0.32423472365060696,0.3247778974606217,0.31907623634330246,0.5608973445779353,6.868643209292902,1.9870981397604024
cell_carpet,-70.0,-1.2217304763960306,-1.6185993111366246,-1.3282816685801762,1.621125143513203,1.831687715269805,0.5971346443848002,0.6017920660311945,0.7058958504294998,0.7652220029146504,6.399693838499808,1.8532251861493831
cell_carpet,-65.0,-1.1344640137963142,-1.371220818982013,-1.117030233448144,1.354228855721393,1.556218905472637,1.0581719801517009,0.7662094633039404,0.959462689964339,1.1858895746371878,5.398698813624187,1.5640965056588934
cell_carpet,-60.0,-1.0471975511965976,-1.4537313432835823,-1.0301569077688482,1.3007271335629544,1.8731725985457328,0.8319390750140232,0.8076217462590044,0.8896315318117737,0.9982873784101315,5.657787983161118,1.658934976825099
cell_carpet,-55.0,-0.9599310885968813,-1.3257558362035973,-1.1323383084577114,1.1032529659395331,1.5553769613471107,0.9317638803059647,0.6489923156186369,0.7053497716910029,0.9830672645418798,5.116724071947953,1.4906519301683887
cell_carpet,-50.0,-0.8726646259971648,-1.3161882893226178,-0.8398775353999234,0.8110218140068887,1.9742824339839264,0.7792323341159884,0.6224785165819811,0.6516369370377226,0.954375021040254,4.941370072713356,1.5159494440803627
cell_carpet,-45.0,-0.7853981633974483,-1.4408008036739381,-0.7474885189437428,0.7224454649827784,1.7207950631458095,0.7615887475565933,0.41769348542908086,0.5055037492195357,0.8381861180558711,4.631529850746269,1.4261205082020574
cell_carpet,-40.0,-0.6981317007977318,-1.4365671641791045,-0.5809414466130884,0.6562141216991964,1.6060562571756603,0.7497314930880474,0.4528081623157618,0.5091945257179151,0.9119472558208181,4.27977898966705,1.3411779369323449
cell_carpet,-35.0,-0.6108652381980153,-1.3914322617680828,-0.5284873708381171,0.6486796785304247,1.6300229621125144,0.711825175456396,0.43309809397498417,0.49328992070172994,0.8789386086574306,4.198622273249139,1.3242559559821816
cell_carpet,-30.0,-0.5235987755982988,-1.3513203214695753,-0.3244115958668197,0.5954362801377727,1.4450344431687716,0.7564846971204098,0.4240897603458892,0.5726790872773432,0.8954454395978958,3.716202640642939,1.2028743078217206
cell_carpet,-25.0,-0.4363323129985824,-1.1900832376578645,-0.35569747416762343,0.37909012629161887,1.342566016073479,0.6878503801633481,0.445122435229618,0.4505539055392765,0.8101623028251914,3.267436854190586,1.07723080090941
cell_carpet,-20.0,-0.3490658503988659,-1.0999527250624703,-0.20328223137705137,0.268183967042615,1.2600796920375499,0.5764933012287752,0.4161733380639656,0.47316145245084273,0.702058389718368,2.8314986155196866,0.9829010893230162
cell_carpet,-15.0,-0.2617993877991494,-0.8874091083046307,0.09085342518178338,0.11504018369690013,1.1337160352085724,0.5555939014162107,0.3022366032586825,0.37771882421279807,0.7678638067121591,2.2270187523918867,0.825262429287965
cell_carpet,-10.0,-0.1745329251994329,-0.6930730960581707,-0.0027554535017221605,0.06176808266360505,0.8053578262533486,0.7350135563000014,0.7298195744797763,0.7390065905851451,0.7622273739117207,1.5629544584768464,0.6124918331473054
cell_carpet,-5.0,-0.0872664625997164,-0.7245897210778685,0.09866954818666848,-0.1016411156885257,0.8568244749105153,0.24856416609547022,0.24680247936265323,0.24441039831563632,0.27854216255517766,1.781724859863578,0.6519375731873045
cell_carpet,0.0,0.0,-0.2768465365480291,0.3972445464982779,-0.4512820512820513,0.3404515882127822,0.20281764462773685,0.21195401633535157,0.1858697891813125,0.21437839237567524,1.4658247225411403,0.42972360254737135
cell_carpet,5.0,0.0872664625997164,0.06804439341752774,0.8715652506697282,-0.9158055874473785,-0.050899349406812094,0.16095047892887138,0.32905878857564913,0.33019499166194344,0.1878029831735153,1.9063145809414466,0.7315196749912446
cell_carpet,10.0,0.1745329251994329,0.08465365480290853,0.9588212782242632,-0.9520091848450056,-0.13884424033677767,0.23606405654512,0.4452715185057006,0.4283836896625433,0.2545369542740952,2.134328358208955,0.7856085784433487
cell_carpet,15.0,0.2617993877991494,0.20936526160406757,0.9166803345907825,-0.8795309168443496,-0.19329178284402168,0.4313050647040859,0.6847672847859048,0.6998727915435744,0.442013120487345,2.198868295883221,0.7515239686605603
cell_carpet,20.0,0.3490658503988659,0.1227868753398997,1.1416399782464197,-1.001450238685117,-0.17886277116442081,0.5768441478217479,0.6262670590744053,0.7964685143059715,0.6410548375375853,2.4447398634358573,0.885351934445708
cell_carpet,25.0,0.4363323129985824,0.40929965556831227,1.3506642611120223,-1.3498441856650811,-0.4876168607511891,0.33506494444045615,0.7103464725559259,0.7454349555535749,0.4030529861764344,3.597424963096605,1.1619191353786154
cell_carpet,30.0,0.5235987755982988,0.4734787600459242,1.4252583237657863,-1.380252583237658,-0.6582472254114046,0.38137647587329804,0.769798590423473,0.8025757158162412,0.5375922679119222,3.9372368924607732,1.23680322123352
cell_carpet,35.0,0.6108652381980153,0.6616676234213548,1.5298507462686568,-1.6162456946039037,-0.635117680826636,0.467452577840313,0.6701995171183821,0.7316109456779784,0.5332310164686284,4.442881745120551,1.3896014545412014
cell_carpet,40.0,0.6981317007977318,0.654276693455798,1.548076923076923,-1.545780711825488,-0.7387342135476463,0.42085421757983604,0.7991537499627879,0.8506178007600754,0.5041286296008306,4.486868541905856,1.385411945777951
cell_carpet,45.0,0.7853981633974483,0.6974403998109002,1.6947389748092119,-1.5877625447423518,-0.8742486661714054,0.3952507064597415,0.7881737680807385,0.797981570066602,0.5259450314073137,4.854190585533869,1.4880238362198057
cell_carpet,50.0,0.8726646259971648,0.9116634024447897,1.731478354832174,-1.59687985412305,-1.1514824069696765,0.5229254800120967,0.8552506410224346,0.8149636426611376,0.6539127373803592,5.39150401836969,1.602322961210636
cell_carpet,55.0,0.9599310885968813,1.0831228473019519,1.8704936854190586,-1.5644087256027555,-1.3360887868350555,0.7201642708591088,0.8297930303741635,0.8425606735534483,0.8097472514155004,5.854114045158822,1.7227598235592319
cell_carpet,60.0,1.0471975511965976,1.1387676999617298,1.6209720627631077,-1.7532338308457711,-1.4473784921546116,0.8331460607888117,0.8225502769817293,0.9490834905797821,0.8881174724355534,5.96035208572522,1.7363259596350307
cell_carpet,65.0,1.1344640137963142,1.2675761464172353,1.7739582629837238,-1.7135138785709463,-1.5525764840953604,0.7483608478775073,0.8221575570100963,0.8849880230168466,0.8937180781052974,6.307624772067266,1.8337297522407374
cell_carpet,70.0,1.2217304763960306,1.2544967470340604,1.6296976655185613,-1.6157673172598546,-1.5424416379640262,0.825288281607959,0.9339382710105245,0.9541418589872132,0.9689119332636371,6.042403367776503,1.7512600993729353
cell_carpet,75.0,1.3089969389957472,1.4551856104094911,1.8943742824339838,-1.6538844240336779,-1.9463451970914656,0.30621349539349396,0.24902816708207304,0.3911719674509375,0.15131334423789536,6.949789513968619,2.017763082295436
cell_carpet,80.0,1.3962634015954636,1.1668928086838535,1.6358417701701282,-1.3713599833002819,-1.6514977559753679,0.9048912715198182,0.9269968374008795,1.0499331930959344,0.996538403670736,5.825592318129631,1.6964253215061713
cell_carpet,85.0,1.4835298641951802,1.378874856486797,1.5638242354660268,-1.456737292558188,-1.6888633754305398,0.8902894000787774,0.9424080742737367,1.0207560175299097,0.986765894835187,6.088299759941552,1.7617125084505436
cell_carpet,90.0,1.5707963267948966,1.5237449118046134,1.5610061580210832,-1.5037052499739065,-1.8541905855338692,0.8838271645066117,0.9016850968050183,0.9996495872415092,0.9983909621786817,6.442646905333472,1.8653899478086642
cell_carpet,95.0,1.6580627893946132,1.5977803291236126,1.5092805204745505,-1.4442212016838885,-1.8682548794489093,0.9339441468752333,0.883655671023134,0.9573153855771552,1.0331168159702986,6.419536930730961,1.8615792569088212
cell_carpet,100.0,1.7453292519943295,1.5653898340465504,1.3690637720488466,-1.293915040183697,-1.7657864523536166,0.963559623425764,0.854089867837902,1.0087247141688733,1.081801391129352,5.99415509863271,1.7428976937595915
cell_carpet,105.0,1.832595714594046,1.6140339028837711,1.4718714121699197,-1.425001688390626,-1.868237995542649,0.7517638835437602,0.6894765019217081,0.7660939903123686,0.8602592277664068,6.379144998986966,1.8512794700239947
cell_carpet,110.0,1.9198621771937625,1.702793723689246,1.56884806735553,-1.4593187906620742,-1.9801760428626098,0.5978355197884915,0.4932358638861704,0.5072679214726952,0.6254024673592632,6.71113662456946,1.9497397737834719
cell_carpet,115.0,2.007128639793479,1.7804247990815156,1.2517221584385763,-1.3203214695752008,-1.8311567164179103,0.8432220583695255,0.7633034136892419,0.8623135941366911,0.9267458989084746,6.183625143513202,1.8101145953310989
cell_carpet,120.0,2.0943951023931957,1.6808266360505169,1.2611602620382252,-1.3243060714526915,-1.8141419598838389,0.7631728275043492,0.7803183437285519,0.8452187525607825,0.8605572358129897,6.080434929425273,1.774913309082973
cell_carpet,125.0,2.181661564992912,1.516953693073096,1.0404133180252584,-1.0515882127822427,-1.9292001530807503,0.7783900277846,0.8259478346289447,0.8534182705665129,0.9671841693726565,5.538155376961347,1.6498927205775222
cell_carpet,130.0,2.2689280275926285,1.775760619977038,0.7678673938002296,-0.8703358208955223,-1.5953645235361653,0.8135131904682285,0.6513848836109822,0.715436990834599,0.8298922736513035,5.009328358208955,1.5323294181954958
cell_carpet,135.0,2.356194490192345,1.7445082280903177,0.48771526980482205,-0.7591274397244545,-1.4977420589360888,0.7930084805455835,0.5225093807323803,0.603785556515282,0.9365386563008097,4.489092996555683,1.4260118081308557
cell_carpet,140.0,2.443460952792061,1.6328932261768083,0.6077066590126291,-0.6618828932261768,-1.7195034443168773,0.8183312148977532,0.4658641830705061,0.5030348513612002,0.8553861776219254,4.621986222732492,1.463497355033924
cell_carpet,145.0,2.530727415391778,1.529812476081133,0.49330271718331425,-0.6035973976272483,-1.6064293915040184,0.7973072952321135,0.42838884730838456,0.5037435913080448,0.862416893287922,4.233141982395714,1.3564518672990102
cell_carpet,150.0,2.6179938779914944,1.7680826636050517,0.7821976092388735,-0.8059701492537313,-1.8766124130478827,0.4290387156870515,0.11952350618607105,0.1388193355824443,0.40666752075141877,5.232862835145539,1.6232514142490155
cell_carpet,155.0,2.705260340591211,1.3376781252110486,0.39555615587222265,-0.4367528871479706,-1.419193624636996,0.7046506908916667,0.4170374404086445,0.5275240916658457,0.7756410426491954,3.5891807928682375,1.175719140904549
cell_carpet,160.0,2.792526803190927,1.2444029850746268,0.21383467278989668,-0.25674512055109067,-1.2804965556831227,0.7101269656717698,0.4034893586131681,0.47494469157205144,0.7928734347772657,2.9954793340987367,1.04853757425335
cell_carpet,165.0,2.8797932657906435,1.0217374665135859,0.030156907768848062,-0.03926521239954076,-0.9926521239954075,0.6531833808131099,0.3972050734684001,0.43996980930023377,0.7159180420116275,2.083811710677382,0.822933191948262
cell_carpet,170.0,2.9670597283903604,0.648105625717566,0.05080367393800228,0.03681113662456945,-0.61904420206659,0.7638150369918738,0.7251669378636509,0.7716808965654267,0.8686874209227798,1.3547646383467278,0.5176193464173735
cell_carpet,175.0,3.0543261909900767,0.5057405281285878,-0.3342422502870264,0.39365671641791045,-0.4596727898966705,0.38347323717616705,0.2773857010588058,0.2816887155027039,0.4108340280456528,1.6933122847301951,0.4936174037861472
