surface,motion_type,angle_deg,I_mean_wheel_joint_fl,I_mean_wheel_joint_fr,I_mean_wheel_joint_bl,I_mean_wheel_joint_br,number,target_angle,I_std_wheel_joint_fl,I_std_wheel_joint_fr,I_std_wheel_joint_bl,I_std_wheel_joint_br,I_total,I_std
rubber_carpet,straight,-180.0,0.63206236026346,-0.5653876367152094,0.534848027071122,-0.5190283400809717,0,-3.141592653589793,0.4472374707100289,0.43600467225017553,0.4615166466485893,0.48693783028970217,2.251326364130763,0.6513876226791506
rubber_carpet,straight,0.0,-0.6807701875239188,0.7199598163030999,-0.8026119402985075,0.8563394565633372,0,0.0,0.12430732067793611,0.13348669674096475,0.12684452535018706,0.11680804086091644,3.0596814006888633,0.8864037789346134
rubber_carpet,straight,-180.0,0.6113843736781678,-0.5349809656172578,0.5263399601184361,-0.5059278506254155,1,-3.141592653589793,0.4499632319952393,0.4383050962385391,0.4442572928304421,0.4781698014552516,2.1786331500392775,0.6299864862298609
rubber_carpet,straight,0.0,-0.5107118254879448,0.5549942594718713,-0.6057405281285879,0.616211251435132,1,0.0,0.3912352972517193,0.38666067413313804,0.3971034794515561,0.4156835403892058,2.287657864523536,0.6620004062169934
rubber_carpet,straight,-180.0,0.762675086107922,-0.6994718714121699,0.7270264064293915,-0.7547990815154993,2,-3.141592653589793,0.08713086981311731,0.08410475911220822,0.07675811034844249,0.08646711474615598,2.9439724454649827,0.85027630885193
rubber_carpet,straight,0.0,-0.451044776119403,0.5335476463834672,-0.5182778415614238,0.5086452353616533,2,0.0,0.4434157073077827,0.4377106880171973,0.455020640419956,0.4972210388604639,2.011515499425947,0.5814117470116509
rubber_carpet,straight,-180.0,0.6459586681974742,-0.555878300803674,0.5734787600459241,-0.5918714121699198,3,-3.141592653589793,0.41792315890331816,0.38259049075003343,0.4146712025532255,0.4240358211227951,2.3671871412169923,0.6841462224216665
rubber_carpet,straight,0.0,-0.4232279896066228,0.5177593812314942,-0.5150643543416522,0.5036195540516044,3,0.0,0.4550129741914845,0.43296320203702326,0.4499081781932455,0.4755173833601499,1.9596712792313735,0.5669787788390007
rubber_carpet,square,-180.0,2.4110338993292646,1.0620339597558766,-0.9677321892561483,-2.7588494773098073,4,-3.141592653589793,0.4413512456471867,0.9085452726079464,0.9001330842888557,0.5481044691077341,7.199649525651097,2.2710268831022136
rubber_carpet,square,-90.0,-2.2551746760701987,-2.418719588868843,3.128259799901591,2.5118910939806463,4,-1.5707963267948966,1.5013267036078068,0.9683130487334681,1.2103332720648958,1.768876166704665,10.31404515882128,2.9887684500822775
rubber_carpet,square,0.0,-2.0227254416178218,-0.5437126110338993,0.8500674763832657,2.5134831913307956,4,0.0,0.4400115815701794,0.5526464489524701,0.7519438720826894,0.4920925414363596,5.929988720365783,1.9380752438781013
rubber_carpet,square,90.0,2.320299600896616,2.8072713356295442,-2.8421081406156032,-2.708654529550052,4,1.5707963267948966,1.3740326170733999,1.0286718241379498,1.0588607941938268,1.7370528522225825,10.678333606691815,3.0894539874827167
rubber_carpet,square,-180.0,2.3364179104477616,1.000780711825488,-0.9384500574052815,-2.7369115958668195,5,-3.141592653589793,0.47555828963588487,0.9279059675523574,0.906959845774499,0.5929161927882929,7.012560275545351,2.2213506192084784
rubber_carpet,square,-90.0,-2.328094144661309,-2.514902411021814,3.1576693455797926,2.5740298507462684,5,-1.5707963267948966,1.538791263369655,0.9889738083861537,1.2862150277651552,1.7827487031252605,10.574695752009184,3.0628860984396917
rubber_carpet,square,0.0,-1.1381473200797632,-0.04828086289201762,0.07328539488790864,1.6276995588857333,5,0.0,0.5104915224771122,0.8470261570288855,0.9703368976781136,0.5225850941614069,2.8874131367454225,1.138170285946194
rubber_carpet,square,90.0,2.3935935706084956,2.8061882893226175,-2.9883237657864523,-2.9212629161882893,5,1.5707963267948966,1.1843211244644642,0.8883458317689318,0.9499696826755517,1.5827556884526868,11.109368541905855,3.2115356207325316
rubber_carpet,square,-180.0,-0.8469957902793726,-2.2522442731397954,2.718571975288393,1.0892570116450713,6,-3.141592653589793,0.8480064816416056,0.4849333668543556,0.6257414270982721,1.0533060484274004,6.907069050352632,2.178806706376343
rubber_carpet,square,-90.0,-2.762801377726751,-2.250780711825488,2.866842709529277,3.138369690011481,6,-1.5707963267948966,1.0639696752475896,1.4941736230379763,1.9203534743866753,1.3864225290899534,11.018794489092997,3.189639688634461
rubber_carpet,square,0.0,0.0705057707414344,1.7090216931536648,-1.7018550969847124,-0.42362680524502994,6,0.0,0.686655890131407,1.177682788145557,1.3525321124634184,0.8890372298943517,3.9050093661248417,1.4108597301269605
rubber_carpet,square,90.0,2.773065442020666,2.441194029850746,-2.7293111366245695,-3.216452353616533,6,1.5707963267948966,1.1049086474616716,1.5535068006918045,1.8383144421356297,1.320723314279081,11.160022962112514,3.2305959578419214
rubber_carpet,square,-180.0,-0.9986796785304249,-2.289368541905855,2.793214695752009,1.077703788748565,7,-3.141592653589793,0.9345643482327486,0.5142474926066654,0.6120801728489639,1.044064166613681,7.158966704936853,2.244781264595965
rubber_carpet,square,-90.0,-2.7194718714121695,-2.2769230769230764,2.6879563719862225,3.0636394948335246,7,-1.5707963267948966,0.994633008699375,1.4886262016588103,1.7325696736987635,1.24769808204184,10.747990815154992,3.1117155109259826
rubber_carpet,square,0.0,0.5980180071303401,2.265719983080549,-2.3228956432412837,-1.0591334823856426,7,0.0,0.8336798106764548,0.46243315849115163,0.5172226283067788,0.9933103051893529,6.245767115837816,1.995124395137609
rubber_carpet,square,90.0,2.6098048220436283,2.470757749712974,-2.4654649827784154,-3.173605051664753,7,1.5707963267948966,1.0228427785259362,1.5637260402372433,1.7055126358423067,1.2717079977604486,10.71963260619977,3.1084845732134685
rubber_carpet,square,-180.0,-0.9313892078071182,-2.3077382319173365,2.7344431687715263,1.1193111366245694,8,-3.141592653589793,0.900930337879893,0.5181951513827354,0.6152638607947404,1.0435053928015552,7.09288174512055,2.2232661350127985
rubber_carpet,square,-90.0,-2.5959357060849593,-2.2571756601607347,2.630998851894374,2.9841791044776116,8,-1.5707963267948966,0.9649294626976656,1.4514071879205288,1.7226751842213743,1.2198020176728843,10.468289322617679,3.028531969193023
rubber_carpet,square,0.0,0.705545350172216,2.392273249138921,-2.3443398392652126,-1.091435132032147,8,0.0,0.867598319279705,0.5548146394899132,0.5395778788109344,1.0160470111496442,6.533593570608496,2.0719855084559087
rubber_carpet,square,90.0,2.623022539126231,2.4767901383769413,-2.3744153725300623,-3.1208773944044954,8,1.5707963267948966,1.0600383737622008,1.6014815136942362,1.7441628728220893,1.340361116726043,10.59510544443773,3.07426736948569
rubber_carpet,hourglass,-150.0,0.4691763852800775,-0.6785787660885855,0.8796422744576712,-0.8573085987068705,9,-2.6179938779914944,1.4379545309486406,1.9195755412349016,2.0659454668609447,1.6319261196419315,2.884706024533205,0.8525638806208009
rubber_carpet,hourglass,-90.0,-1.9246268656716419,-2.1975774971297364,2.731194029850746,1.9717336394948335,9,-1.5707963267948966,2.1362732159965043,1.4843480892233025,1.8155538788586605,2.4763148702180016,8.825132032146957,2.568811652111603
rubber_carpet,hourglass,-30.0,-2.787910447761194,-1.2838308457711443,1.5297043628013778,3.636108878683506,9,-0.5235987755982988,0.24196864153918082,0.25664278906755866,0.17883128960082595,0.36721754059774425,9.237554535017223,2.868373590479449
rubber_carpet,hourglass,30.0,-0.5371563236449332,0.917856063810502,-0.6663363345217235,0.6408725602755454,9,0.5235987755982988,1.445522157029459,1.831509446364313,2.0922466908097457,1.6564332933432109,2.762221282252704,0.8070874118815047
rubber_carpet,hourglass,90.0,1.9519058553386912,2.4285878300803674,-2.5687141216991964,-1.9760390355912745,9,1.5707963267948966,1.971498172380683,1.6403281763774262,1.7545722808917237,2.624061785747833,8.92524684270953,2.595139850579183
rubber_carpet,hourglass,150.0,1.793198840960035,0.2337543053960963,0.017057569296375294,-1.9783828112186321,9,2.6179938779914944,1.4264480032136329,1.336319642715149,1.547915570628507,1.544300121574864,4.022393526871139,1.547408146056621
rubber_carpet,hourglass,-150.0,1.0458422174840085,-0.055994751517139764,0.16826308020337866,-1.495670001640151,10,-2.6179938779914944,1.3456059942703624,1.7974667594976559,1.907879798823942,1.482307870270167,2.7657700508446776,1.054162539260562
rubber_carpet,hourglass,-90.0,-1.6212782242632988,-2.024676616915423,2.4590279372368924,1.6399540757749715,10,-1.5707963267948966,2.353406306659001,1.6291886194836338,1.9336892391399159,2.5850561521563042,7.744936854190586,2.266628762848188
rubber_carpet,hourglass,-30.0,-1.3921764802361816,0.05286206330982428,-0.05945546990323107,1.8509758897818598,10,-0.5235987755982988,1.1595231994021322,1.2577482120587127,1.4362840571662197,1.5385226359762005,3.3554699032310964,1.3315997747119588
rubber_carpet,hourglass,30.0,-1.0107156525066971,0.4733409873708379,0.02440107156525077,1.1914887102946805,10,0.5235987755982988,1.3745177259387242,1.7869529106679796,2.026642607516869,1.5971492905664144,2.699946421737466,0.9220887319368424
rubber_carpet,hourglass,90.0,1.8019804822043628,2.2942164179104476,-2.3008323765786454,-1.791963260619977,10,1.5707963267948966,2.0178017360310108,1.6089657523122711,1.7597122472086772,2.609551192593676,8.188992537313432,2.3815626306294693
rubber_carpet,hourglass,150.0,1.5849215461155761,0.066437045541523,0.09588978185993116,-1.8934404898584003,10,2.6179938779914944,1.2955417565407412,1.2171191910579497,1.3231129387290936,1.2871641379856187,3.6406888633754306,1.4265761918596038
rubber_carpet,hourglass,-150.0,0.08246460007654019,-1.4780711825487949,1.7917642556448528,-0.09259854573287407,11,-2.6179938779914944,1.3001406346200048,1.2709789090533552,1.412680007422911,1.4190448919434848,3.4448985840030617,1.3400810216130443
rubber_carpet,hourglass,-90.0,-1.9815843857634903,-1.3978568694986608,1.4481285878300807,2.185380788365863,11,-1.5707963267948966,1.6985364432426453,2.3340400711690608,2.6260378826494435,2.10263009247533,7.012950631458095,2.0605426833754987
rubber_carpet,hourglass,-30.0,-0.40952162265595127,1.0109605817068499,-1.1969996172981245,0.01239954075774981,11,-0.5235987755982988,1.7692471065199387,1.3467984319044135,1.4922948553818947,2.0439778169682246,2.6298813624186756,0.9197267469875282
rubber_carpet,hourglass,30.0,1.2029697665518562,3.0165327210103325,-3.3577956371986217,-1.4969307309605815,11,0.5235987755982988,0.25223384465775955,0.23775565127848544,0.392266126656478,0.30426562801214635,9.074228855721392,2.826147066592485
rubber_carpet,hourglass,90.0,2.288771526980482,1.6207424416379637,-1.7257252200535784,-2.5555300420972062,11,1.5707963267948966,1.8049847154772858,2.2589460496356444,2.6673686823107716,1.9953486438095436,8.19076923076923,2.404134951751822
rubber_carpet,hourglass,150.0,0.3928325405937345,-0.9473839593242582,1.3508938822371657,-0.0679842545514188,11,2.6179938779914944,1.8060035768542013,1.2880899586357222,1.5060560919067458,2.0104529233365205,2.759094636706577,0.9572118349889668
rubber_carpet,hourglass,-150.0,0.10677382319173358,-1.401990049751244,1.7127592805204743,-0.18917719096823565,12,-2.6179938779914944,1.2679498356103718,1.2608190519365983,1.4597831687519434,1.4098813985486942,3.410700344431688,1.2823508840754179
rubber_carpet,hourglass,-90.0,-2.023038652889399,-1.4102717183314202,1.4917412935323384,2.0976502104860315,12,-1.5707963267948966,1.6899295086646646,2.2689352833715626,2.649957996525338,2.0312200469106902,7.022701875239189,2.057578663784838
rubber_carpet,hourglass,-30.0,-0.4509758897818601,1.0964408725602752,-1.0331419823957138,0.0069957902793725164,12,-0.5235987755982988,1.817922183803662,1.4040133596363722,1.4309677925595297,2.0171479430980446,2.5875545350172215,0.9012516465578504
rubber_carpet,hourglass,30.0,0.932277076157673,2.630248756218905,-2.774481438959051,-1.121653272101033,12,0.5235987755982988,1.0293469905631336,1.1461102472343168,1.2533136596483474,1.1071624169706997,7.458660543436663,2.3604645491427685
rubber_carpet,hourglass,90.0,2.10654420206659,1.660696517412935,-1.6053884424033673,-2.536303099885189,12,1.5707963267948966,1.527554114038937,2.1459096915396167,2.5658892787809062,1.979861528772649,7.908932261768082,2.3216727812091116
rubber_carpet,hourglass,150.0,0.4956448526597779,-0.7635055491771914,1.1111213164944507,-0.2803061615001912,12,2.6179938779914944,1.8523746471585438,1.2954255320074841,1.4539759786710402,1.9870221849182916,2.6505778798316113,0.8291636825050669
