surface,motion_type,angle_deg,I_mean_wheel_joint_fl,I_mean_wheel_joint_fr,I_mean_wheel_joint_bl,I_mean_wheel_joint_br,number,target_angle,I_std_wheel_joint_fl,I_std_wheel_joint_fr,I_std_wheel_joint_bl,I_std_wheel_joint_br,I_total,I_std,cls_raw,linoleum_raw,grass_raw,rubber_carpet_raw,cell_carpet_raw,cls_memory,linoleum_memory,grass_memory,rubber_carpet_memory,cell_carpet_memory
linoleum,straight,-180.0,0.0735265977803291,-0.3238231917336394,0.3341083046306927,-0.0327018752391886,0,-3.141592653589793,0.1026752886231003,0.1003593887295595,0.104065873802098,0.1301819436812097,0.76415996938385,0.2722207058824616,linoleum,0.49804321249332556,0.16292111013378333,0.11167048143963726,0.22736519593325402,linoleum,0.49804321249332556,0.16292111013378333,0.11167048143963726,0.22736519593325402
linoleum,straight,-180.0,0.1542135476463834,-0.1741446613088404,0.305752009184845,-0.2566934557979334,1,-3.141592653589793,0.1357469337451763,0.1098541080790501,0.1130636688464956,0.1438865581608908,0.8908036739380023,0.2666282685524822,linoleum,0.5087434043735714,0.15836725687617836,0.10654344178645725,0.22634589696379312,linoleum,0.5033933084334484,0.16064418350498083,0.10910696161304725,0.22685554644852357
linoleum,straight,-180.0,0.1941869599371563,-0.1326847543658227,0.316514593026769,-0.3048522569339537,2,-3.141592653589793,0.0371949252076496,0.0323605847371111,0.018213122125927,0.032834144683318,0.9482385642637016,0.2869912560039351,linoleum,0.5119583303766814,0.15690169653133948,0.10474563284272337,0.2263943402492557,linoleum,0.5076758194050649,0.15877294001816017,0.10692629722788531,0.22662494334888963
linoleum,straight,-180.0,0.1156027554535017,-0.2990585533869117,0.3696326061997704,-0.1245694603903559,9,-3.141592653589793,0.1304234687318053,0.1236960777851945,0.1191460320359208,0.1192702167441778,0.9088633754305396,0.290973631750493,linoleum,0.509864202221732,0.15786637424367775,0.1059436861084387,0.22632573742615153,linoleum,0.5087700108133985,0.15831965713091894,0.106434991668162,0.2264753403875206
linoleum,straight,-180.0,0.191630309988519,-0.1982204362801378,0.2968082663605052,-0.2350172215843858,10,-3.141592653589793,0.1276209184856161,0.1077566672823814,0.1058732659192636,0.1149373280474816,0.9216762342135478,0.2699258991749241,linoleum,0.510598213136331,0.15753332074787119,0.1055374398617839,0.22633102625401397,linoleum,0.5096841119748647,0.15792648893939507,0.10598621576497295,0.22640318332076728
linoleum,straight,-180.0,0.284179104477612,-0.2190126291618829,0.2871182548794489,-0.264971297359357,11,-3.141592653589793,0.0466645506135974,0.0342728765047723,0.030889074975026,0.0387474283833935,1.055281285878301,0.305213076923333,linoleum,0.5152358004373918,0.15515573083240466,0.10222594303021915,0.22738252569998432,linoleum,0.5124599562061283,0.15654110988589987,0.10410607939759606,0.2268928545103758
linoleum,straight,-180.0,0.2161538461538461,-0.1688633754305396,0.2281285878300804,-0.2473363949483352,12,-3.141592653589793,0.113401108024043,0.096096441594503,0.10594972466183,0.1193785626724509,0.8604822043628015,0.2505048972385523,linoleum,0.5066345657829575,0.1592911936308138,0.10762270755174648,0.22645153303448232,linoleum,0.5095472609945428,0.15791615175835683,0.10586439347467128,0.22667219377242906
linoleum,square,-180.0,0.523593570608496,0.1799311136624569,-0.0442824339839265,-0.6818140068886338,3,-3.141592653589793,0.1680144118407065,0.239665680828518,0.2496206402182312,0.1583161537784102,1.4296211251435134,0.5076840670293618,linoleum,0.49910305178908726,0.1589951379918371,0.10131395454275752,0.2405878556763182,linoleum,0.5043251563918151,0.15845564487509695,0.1035891740087144,0.23363002472437364
linoleum,square,-180.0,-0.0975406368964891,-0.532998972747598,0.6798477249380626,0.0871835156202791,4,-3.141592653589793,0.2516195951607776,0.1929288721205226,0.1848273489835333,0.3000949969867065,1.3975708502024289,0.5029043924936197,linoleum,0.5021582185900615,0.1580629853875616,0.10093082365685037,0.23884797236552652,linoleum,0.5032416874909382,0.1582593151313293,0.10225999883278239,0.23623899854495006
linoleum,square,-180.0,-0.1037887485648679,-0.5569230769230767,0.7088518943742823,0.1237083811710676,5,-3.141592653589793,0.255899401786583,0.1652815212716031,0.1722754137914025,0.2671514390947487,1.4932721010332946,0.5264115048202374,linoleum,0.4921098621329626,0.16118273458260854,0.10232596336182216,0.24438143992260675,linoleum,0.4976757748119503,0.1597210248569689,0.10229298109730225,0.24031021923377835
linoleum,square,-180.0,-0.0843676355066771,-0.557556347815578,0.6815034141035711,0.081563840715451,6,-3.141592653589793,0.2430464534294556,0.1983465699263202,0.1619284034482197,0.3120980470024382,1.4049912381412772,0.5116696914352322,linoleum,0.5014786884657719,0.15826872183068402,0.1010119818494899,0.23924060785405424,linoleum,0.49957723163886114,0.15899487334382645,0.10165248147339608,0.2397754135439163
linoleum,square,-180.0,0.5595522388059702,0.1865212399540759,-0.097244546498278,-0.7404018369690012,7,-3.141592653589793,0.1948724459322449,0.2788388392534622,0.2689363564240908,0.1722881387925681,1.5837198622273254,0.5487694912858454,linoleum,0.48006389073359157,0.1650629239409073,0.10433795119850375,0.25053523412699735,linoleum,0.4898205611862264,0.1620288986423669,0.10299521633594992,0.24515532383545685
linoleum,square,-180.0,0.5670493685419059,0.2016532721010333,-0.0962456946039037,-0.7217451205510909,8,-3.141592653589793,0.1827805183875039,0.2847789669721256,0.2741816140518139,0.2115513402137561,1.586693455797934,0.5452158441832132,linoleum,0.4796260679863393,0.16520589513071954,0.10441554277311507,0.25075249410982625,linoleum,0.4847233145862828,0.1636173968865432,0.10370537955453249,0.24795390897264155
linoleum,hourglass,-150.0,-0.0364638346727899,-0.5012323000382702,0.6191963260619977,-0.0314274779946421,13,-2.6179938779914944,0.4346142170542809,0.6237784179718743,0.6666383335720493,0.5187881727234854,1.1883199387677,0.4605534305835256,linoleum,0.6749407210462821,0.09783878487812886,0.05142998631027062,0.1757905077653183,linoleum,0.6749407210462821,0.09783878487812886,0.05142998631027062,0.1757905077653183
linoleum,hourglass,-150.0,-0.0228702640642938,-0.4185533869115959,0.6592728664370455,-0.1068656716417909,14,-2.6179938779914944,0.4981488560983195,0.5490506167764566,0.6639545323585052,0.5064582154711956,1.207562189054726,0.4541261330362715,linoleum,0.676422796310328,0.097201342855189,0.050866437574242446,0.1755094232602405,linoleum,0.6756817586783052,0.09752006386665896,0.05114821194225655,0.17564996551277942
linoleum,hourglass,-150.0,-0.0422010824995898,-0.3716909955715927,0.6408397572576676,-0.1339675250123009,15,-2.6179938779914944,0.4957011333793588,0.524187998414461,0.6943304377202699,0.4869760143753305,1.188699360341151,0.4345099509890665,linoleum,0.6749709573445712,0.0978258625018554,0.05141862315360734,0.17578455699996592,linoleum,0.6753263580114381,0.09767296318425718,0.05128341754793195,0.17571726125637266
linoleum,hourglass,-150.0,-0.0325077907167459,-0.4810234541577824,0.6502214203706739,-0.0393308184352957,16,-2.6179938779914944,0.4179782194566945,0.3881443589825242,0.4192831969582703,0.42593072274145,1.203083483680498,0.4670493969567492,linoleum,0.6760871729789055,0.09734645658365931,0.050995299919695855,0.17557107051773946,linoleum,0.6757067654951718,0.09750970988395824,0.0511393587338139,0.17564416588705606
linoleum,hourglass,-150.0,-0.055644852659778,-0.5110447761194031,0.7930195177956371,-0.0192881745120547,17,-2.6179938779914944,0.4099896847918992,0.4048204974363,0.4686451508407753,0.5097974620700766,1.378997321086873,0.5424630660917727,linoleum,0.6851128538555261,0.09307749729530716,0.04691238078316619,0.17489726806600056,linoleum,0.680409809675349,0.09529360358963271,0.04902586975849005,0.1752707169765283
linoleum,hourglass,-150.0,-0.0506458094144662,-0.6419345579793342,0.7043484500574052,0.1069460390355915,18,-2.6179938779914944,0.4434999444224855,0.3548118115765196,0.4957487154827412,0.3807653492073604,1.5038748564867974,0.553373264150681,linoleum,0.6864856507121744,0.09174845598655146,0.04511497824620036,0.17665091505507385,linoleum,0.6834477301937617,0.09352102978809208,0.04707042400234521,0.17596081601580107
linoleum,square,-90.0,-0.7738691159586681,-0.6815843857634903,0.9494029850746268,0.7843053960964409,3,-1.5707963267948966,0.3779301563534655,0.2674592441787186,0.3044279566750018,0.4427121574190684,3.189161882893226,0.9238642074608098,linoleum,0.9619380881266089,0.0053138331690762985,0.0026241556409892716,0.030123923063325637,linoleum,0.9619380881266089,0.0053138331690762985,0.0026241556409892716,0.030123923063325637
linoleum,square,-90.0,-0.7239407358810345,-0.7201683888251053,0.9462795910557104,0.7500410037723471,4,-1.5707963267948966,0.2291224539769388,0.3638470183086572,0.4081628207685858,0.2859709786784422,3.140429719534197,0.9100982754084032,linoleum,0.9629732628428266,0.005313640954129718,0.0027300504480887366,0.028983045754954858,linoleum,0.9624556754847178,0.005313737061603008,0.002677103044539004,0.029553484409140247
linoleum,square,-90.0,-0.7311136624569461,-0.6461538461538461,0.9204592422502867,0.7610562571756601,5,-1.5707963267948966,0.2495159926610712,0.3627397602969601,0.3994884776698551,0.2650922609671244,3.0587830080367397,0.8860684912544946,linoleum,0.964325016372113,0.00537365060030342,0.0029429246502959304,0.027358408377287795,linoleum,0.9633903459284154,0.005343693830953214,0.002810013847417467,0.02845594639321402
linoleum,square,-90.0,-0.7220091848450056,-0.6885304247990813,0.8821354764638346,0.7599885189437428,6,-1.5707963267948966,0.2516178660639566,0.3670592355060835,0.3979050861142362,0.3016398481434357,3.0526636050516647,0.8827436631896732,linoleum,0.9644076353938968,0.005381269557750437,0.002960843537496832,0.027250251510856024,linoleum,0.9638989906611561,0.005362481694351826,0.0028854286924571496,0.02785309895203502
linoleum,square,-90.0,-0.7346126510305614,-0.7094418019791153,0.9394784320157452,0.8558526051063363,7,-1.5707963267948966,0.3460943406442174,0.2724507770477443,0.2963238651659882,0.4186248351130333,3.2393854901317582,0.9358094559797184,linoleum,0.9606826584696808,0.005341705686456576,0.0025297255149217533,0.03144591032894079,linoleum,0.9622908245654185,0.005352093690404201,0.002707577103689451,0.029649504640487906
linoleum,square,-90.0,-0.7448794489092996,-0.7323765786452353,0.9097588978185992,0.8267508610792191,8,-1.5707963267948966,0.3540106201151307,0.280587624413416,0.2991877326529551,0.4370236833340996,3.213765786452353,0.928367018031664,linoleum,0.9613476074403655,0.005323984106643104,0.002576113994222182,0.030752294458769123,linoleum,0.961819216002892,0.005338038898523653,0.002641845548955817,0.030200899549628513
linoleum,hourglass,-90.0,-0.6841944125526215,-0.5627248373517031,0.7940451588212782,0.5914121699196326,13,-1.5707963267948966,0.5950723095506059,0.4242778379785432,0.5152889429712811,0.6689360120572866,2.632376578645235,0.7659980648137765,linoleum,0.9638352986275271,0.007209403068393581,0.005195397729550679,0.023759900574528592,linoleum,0.9628272573152096,0.006273720983458617,0.003918621639253248,0.026980400062078552
linoleum,hourglass,-90.0,-0.6739523536165326,-0.5596584385763491,0.8030855338691159,0.596598737083812,14,-1.5707963267948966,0.5263623402474004,0.4386476076841556,0.4911986351685078,0.6888170578573231,2.6332950631458094,0.7662485824952538,linoleum,0.9638513721447118,0.007201779590130707,0.005187426146545439,0.023759422118612126,linoleum,0.9633393147299607,0.006737750286794662,0.004553023892899344,0.025369911090345337
linoleum,hourglass,-90.0,-0.6082510524301569,-0.5501262916188291,0.8283352468427094,0.5919785686949869,15,-1.5707963267948966,0.5946803337745142,0.3906563326026882,0.5372914711870833,0.6632146005596881,2.578691159586682,0.7510067704299402,linoleum,0.9627579394565243,0.007693327537473089,0.005696174683616137,0.023852558322386565,linoleum,0.9630486270932423,0.007215538912133874,0.005124599288257739,0.024611234706365944
linoleum,hourglass,-90.0,-0.6302669345579792,-0.5419345579793341,0.7524971297359355,0.6875287026406433,16,-1.5707963267948966,0.4263638805370736,0.5961868370170523,0.6806481735551202,0.4788444033770102,2.612227324913892,0.7554126139385308,linoleum,0.963463127300764,0.007382039555542739,0.005375160666644475,0.023779672477048833,linoleum,0.9632558771970032,0.007298789233838306,0.005249879977451107,0.02419545359170739
linoleum,hourglass,-90.0,-0.6302028319938768,-0.5267508610792194,0.7547034060466895,0.6235285112897055,17,-1.5707963267948966,0.4374868274446308,0.5949327627883183,0.6846894127646856,0.4726909424930664,2.535185610409491,0.735016122602571,linoleum,0.9616732483289022,0.008145583133369208,0.006157157849453464,0.0240240106882752,linoleum,0.9624645627629527,0.007722186183603757,0.0057035189134522855,0.024109732139991295
linoleum,hourglass,-90.0,-0.608251052430157,-0.5382013011863761,0.7323536165327209,0.6096134711060087,18,-1.5707963267948966,0.4281191551358346,0.5567169666566131,0.6014874283735381,0.4944855675671651,2.4884194412552625,0.7206580058942965,linoleum,0.9602744424159656,0.008699666586277974,0.006715841586060009,0.02431004941169641,linoleum,0.9613695025894591,0.008210926384940866,0.006209680249756147,0.024209890775843852
linoleum,hourglass,-30.0,-0.6381196581196581,-0.0173121571629034,0.1115996938384997,0.656499553514479,13,-0.5235987755982988,0.3921186343268316,0.3939001880679781,0.3913377870138296,0.4681706777599362,1.4235310626355404,0.531591659306152,linoleum,0.6357556161287032,0.11060628715924536,0.058967118051214705,0.19467097866083657,linoleum,0.6357556161287032,0.11060628715924536,0.058967118051214705,0.19467097866083657
linoleum,hourglass,-30.0,-0.4996555683122847,0.0073314744956535,0.097966212891586,0.5818435296047236,14,-0.5235987755982988,0.350583271477582,0.4260839662791974,0.4552843900135175,0.5390040174113845,1.1867967853042478,0.4431181152393212,linoleum,0.6304361392363209,0.11409100609939275,0.06340365909600315,0.1920691955682832,linoleum,0.6330958776825121,0.11234864662931907,0.06118538857360893,0.19337008711455989
linoleum,hourglass,-30.0,-0.5434639986878792,-0.0086271937018206,0.0513695259963916,0.6297031326882073,15,-0.5235987755982988,0.3799393936585871,0.4421350461381955,0.45580303148263,0.4463248461424133,1.2331638510742988,0.479733730034182,linoleum,0.6327398576406572,0.1129698708399562,0.062233180538945165,0.19205709098044144,linoleum,0.6329178676615846,0.11265925873463764,0.06170928455627705,0.19271358904750066
linoleum,hourglass,-30.0,-0.5334672789896671,0.0670924225028701,0.1034873708381169,0.5762772675086111,16,-0.5235987755982988,0.5470205000045874,0.4476794039049966,0.4694638858083644,0.6764214358934971,1.2803243398392654,0.4547930137727722,linoleum,0.6344476520995797,0.11205186257488887,0.061199145176009065,0.19230134014952244,linoleum,0.6336827598805822,0.11235556065476328,0.06145421486614306,0.19250746459851156
linoleum,hourglass,-30.0,-0.4968235744355148,0.0229774205893606,0.0694068120933791,0.5518714121699201,17,-0.5235987755982988,0.5313415588455644,0.4267240822862637,0.4327514076858937,0.6663448935955953,1.141079219288175,0.4286828405166761,linoleum,0.6275519126010608,0.11541240296852447,0.06471349029340166,0.19232219413701304,linoleum,0.6306173362408215,0.11388398181164387,0.06308385257977236,0.1924148293677623
linoleum,hourglass,-30.0,-0.5966016073478762,-0.005526215078454,0.0232988901645617,0.5975507079984694,18,-0.5235987755982988,0.5554005736533364,0.4182665374291678,0.514936966450944,0.6308304493512621,1.222977420589361,0.4876768320769576,linoleum,0.6322870490843289,0.11319747113155175,0.062477030041436385,0.19203844974268316,linoleum,0.6314521926625751,0.11354072647159781,0.06278044131060437,0.19222663955522273
linoleum,straight,0.0,-0.4258844240336777,-0.0765709911978568,0.0650095675468809,0.5452123995407577,0,0.0,0.1105894016120974,0.1049315294469783,0.1154179652864941,0.107316615761099,1.1126773823191731,0.4024177168020001,linoleum,0.5155292620417901,0.15476636537958005,0.10130151017575333,0.22840286240287655,linoleum,0.5155292620417901,0.15476636537958005,0.10130151017575333,0.22840286240287655
linoleum,straight,0.0,-0.2409644087256027,0.1135476463834672,-0.0257060849598162,0.2186222732491389,1,0.0,0.098965300113308,0.1139326760566499,0.1043503324091694,0.1002837488923067,0.5988404133180252,0.1986125807834891,linoleum,0.4765593616437786,0.17167923805704682,0.12095190210705262,0.23080949819212196,linoleum,0.49604431184278436,0.16322280171831346,0.11112670614140298,0.22960618029749927
linoleum,straight,0.0,-0.2017795637198622,0.2650631458094145,-0.0665442020665901,0.1256946039035591,2,0.0,0.108604030717229,0.1172134143757771,0.1176591117297424,0.1183138809964203,0.6590815154994261,0.2061174485380303,linoleum,0.48536398248181506,0.16813026767452072,0.11721087000043183,0.22929487984323232,linoleum,0.4907041471622997,0.16567653469641708,0.1141687880709174,0.2294505300703658
linoleum,straight,0.0,-0.472296211251435,0.0291848450057405,0.0754075774971297,0.4983926521239954,9,0.0,0.1084585784638304,0.0390294699341075,0.0653556660081426,0.1202171884801554,1.0752812858783007,0.3973777002731173,linoleum,0.5154433088289494,0.15499418401065707,0.10186857039163025,0.22769393676876334,linoleum,0.5030737279956246,0.16033535935353707,0.10801867923127383,0.22857223341956456
linoleum,straight,0.0,-0.2095594899993957,0.1407698350353495,-0.0559792132455133,0.1860414526557496,10,0.0,0.1016404944129355,0.1229536607105727,0.1106639255059171,0.0957694931469453,0.5923499909360082,0.1830645044106545,linoleum,0.4755438124929654,0.17208688433511496,0.12138036592938822,0.2309889372425313,linoleum,0.48930877024429503,0.16621112184432604,0.11469952258033105,0.22978058533104798
linoleum,straight,0.0,-0.1290700344431687,0.1814121699196325,-0.1567853042479907,0.1866819747416762,11,0.0,0.1150772393841676,0.1052454877327472,0.1290104154811562,0.1227164283906648,0.6539494833524683,0.1891299687215543,linoleum,0.48465770069764424,0.16841611822020847,0.11751320899188783,0.22941297209025935,linoleum,0.48698323547096967,0.16731362003226724,0.11610636578610944,0.22959677871065365
linoleum,straight,0.0,-0.1565671641791045,0.211182548794489,-0.1570493685419058,0.1399081515499426,12,0.0,0.1194736696797402,0.1190712492909593,0.1355590177923399,0.136615786500107,0.664707233065442,0.1940782166500484,linoleum,0.486128817751712,0.16782044354470824,0.11688289838508881,0.22916784031849086,linoleum,0.4865560266113409,0.16756703178848778,0.11649463208559914,0.22938230951457228
linoleum,square,0.0,-0.6071323544222209,0.0331973734566036,0.0606945031925393,0.6503353676959333,3,0.0,0.2498111945194729,0.1628956867945771,0.1742745878276644,0.2783122426983703,1.351359598767297,0.5136902187031728,linoleum,0.5060005497262595,0.1569383151389405,0.10052554751836225,0.23653558761643778,linoleum,0.4962782881688002,0.16225267346371414,0.1085100898019807,0.23295894856550503
linoleum,square,0.0,-0.0869659798175116,0.4577436703124056,-0.3754063689648922,0.0417668741313674,4,0.0,0.187193642812489,0.2953910286695624,0.3693040567820979,0.2017678893561197,0.9618828932261768,0.3461319361151933,linoleum,0.5125570208279145,0.15663320785913737,0.10436195599077726,0.2264478153221707,linoleum,0.5044176544983574,0.15944294066142575,0.10643602289637898,0.22970338194383788
linoleum,square,0.0,0.1259931113662457,0.6472904707233067,-0.5425028702640644,-0.1890470723306545,5,0.0,0.2358253977621181,0.1519423809602575,0.2021034112980725,0.2738770684757551,1.5048335246842717,0.5048009354310258,linoleum,0.49069696917259226,0.16164662758724047,0.10254333327332393,0.24511306996684346,linoleum,0.4975573118354748,0.1605447841243331,0.10448967808485146,0.23740822595534067
linoleum,square,0.0,0.1321239954075775,0.648553386911596,-0.5662801377726753,-0.1702870264064295,6,0.0,0.2346884033299736,0.1678277783696921,0.194928302688988,0.2627625268000626,1.5172445464982784,0.5122703335151135,linoleum,0.4891469243914163,0.16214115542691984,0.10279135548864131,0.24592056469302234,linoleum,0.49335211811344565,0.16134296977562648,0.10364051678674639,0.24166439532418152
linoleum,square,0.0,-0.3829234394827482,0.1431385582210406,-0.0322557254214757,0.3363466070457429,7,0.0,0.2915337503375392,0.2220786133976327,0.189166426334371,0.3458403018118475,0.8946643301710073,0.3056439452630505,linoleum,0.5089755849850721,0.15828337223756056,0.10640922433964481,0.22633181843772243,linoleum,0.5011638515492589,0.15981317100659354,0.1050248705631956,0.23399810688095196
linoleum,square,0.0,-0.5141821258082059,-0.0915584023203818,0.1663061212157832,0.5734122907728563,8,0.0,0.1743054053746085,0.2246903668803005,0.2749977319955103,0.1819736845781062,1.3454589401172272,0.4563398084609084,linoleum,0.5064458024097288,0.15680913677542593,0.10048684393833131,0.23625821687651388,linoleum,0.5038048269794939,0.15831115389100975,0.10275585725076344,0.23512816187873292
linoleum,hourglass,30.0,0.0471543381991143,0.5493521403969165,-0.4437428243398392,-0.1451369525996391,13,0.5235987755982988,0.4727845188297985,0.606002497709753,0.6332475844093337,0.523653081363182,1.185386255535509,0.4171207632041899,linoleum,0.6744724437218098,0.09825084498778731,0.05150039050119671,0.17577632078920624,linoleum,0.6744724437218098,0.09825084498778731,0.05150039050119671,0.17577632078920624
linoleum,hourglass,30.0,0.0363872942977421,0.6240336777650209,-0.5102793723689246,-0.1432988901645616,14,0.5235987755982988,0.4237062028527932,0.5907027857915139,0.6691556411881501,0.5085757403804123,1.3139992345962497,0.4731631044683717,linoleum,0.682540103067602,0.09461045267119957,0.048180643186014005,0.17466880107518443,linoleum,0.6785062733947059,0.09643064882949344,0.049840516843605354,0.17522256093219535
linoleum,hourglass,30.0,0.0206199770378875,0.6061997703788747,-0.4354535017221587,-0.0889858400306158,15,0.5235987755982988,0.3949064538710284,0.6223210840260605,0.6585761976528222,0.5454544542037997,1.151259089169537,0.4331362911303659,linoleum,0.6715522938767438,0.09948824764646488,0.052571142796702997,0.1763883156800884,linoleum,0.6750292836357248,0.09795944823797917,0.051205829820154175,0.17580543830614187
linoleum,hourglass,30.0,0.3365589634246351,0.9791208791208792,-0.9256683614892574,-0.4674594062653761,16,0.5235987755982988,0.0294893755657844,0.1239551180381192,0.1256868429904525,0.0387698618185254,2.708807610300148,0.8457403656915624,linoleum,0.47104949783280614,0.15467050813313304,0.06720908014883413,0.3070709138852267,linoleum,0.5730393907342655,0.1263149781855561,0.05920745498449415,0.2414381760956843
linoleum,hourglass,30.0,0.1298430922311518,0.7494221201683887,-0.6980022962112516,-0.203138155376961,17,0.5235987755982988,0.3388632579461096,0.4116325452425292,0.4584100808709661,0.4898116452319384,1.7804056639877532,0.6074112903575781,linoleum,0.6747169608332766,0.09385531378498181,0.043920319652733755,0.18750740572900795,linoleum,0.623878175783771,0.11008514598526895,0.05156388731861396,0.2144727909123461
linoleum,hourglass,30.0,0.0802602372751625,0.7381553769613469,-0.6451588212782243,-0.1456257175660156,18,0.5235987755982988,0.3365220261374124,0.4065020582098135,0.4309245595592408,0.4649345530486506,1.6092001530807494,0.5740386024860189,linoleum,0.6842629733670442,0.09194017545995802,0.04421754325772095,0.17957930791527688,linoleum,0.6540705745754076,0.10101266072261347,0.04789071528816745,0.1970260494138115
linoleum,square,90.0,0.7690470723306544,0.8867623421354764,-0.7880482204362802,-0.969357060849598,3,1.5707963267948966,0.3588206134621721,0.2960355712642492,0.2763070672331254,0.4322930128883889,3.413214695752009,0.9892545223555956,linoleum,0.954684561781073,0.0056568666466185686,0.002301776202508666,0.0373567953697997,linoleum,0.954684561781073,0.0056568666466185686,0.002301776202508666,0.0373567953697997
linoleum,square,90.0,0.8133869115958668,0.7642020665901262,-0.7413203214695753,-0.9337772675086108,4,1.5707963267948966,0.2683223553846177,0.3923911915138128,0.3905758283678743,0.3130722281295319,3.25268656716418,0.9424651874350636,linoleum,0.9603185442933002,0.005351963142084076,0.0025070554639504373,0.031822437100665416,linoleum,0.9575015530371866,0.005504414894351322,0.0024044158332295514,0.03458961623523256
linoleum,square,90.0,0.7897014925373135,0.7365442020665902,-0.710516647531573,-0.9247072330654422,5,1.5707963267948966,0.256372320693147,0.3752073921009562,0.3967907181277527,0.3022718700282639,3.1614695752009188,0.9170739921004256,linoleum,0.9625495238789824,0.005308753127405765,0.0026825258248326144,0.02945919716877927,linoleum,0.9600255384580845,0.005406584010878544,0.002543470829031083,0.03202440670200592
linoleum,square,90.0,0.8364878902192335,0.8374282433983927,-0.8113279755070801,-0.93597944344213,6,1.5707963267948966,0.2731426714671877,0.376454846498578,0.390592609627468,0.3021727515525563,3.4212235525668366,0.9889324354273388,linoleum,0.9543389913092268,0.005680090336731825,0.0022945661307799733,0.037686352223261464,linoleum,0.9571822648836557,0.005543337173805184,0.002419018479905528,0.03485537946263369
linoleum,square,90.0,0.8168541905855339,0.8873593570608497,-0.8277841561423652,-1.0083352468427096,7,1.5707963267948966,0.3671431966015846,0.3298387414929464,0.3212768428578358,0.4231285718050466,3.5403329506314583,1.0250649065235025,linoleum,0.9483521192777812,0.006124290974479636,0.0022177362980728577,0.04330585344966636,linoleum,0.9527671920807184,0.005833814074142411,0.002318377388989193,0.03908061645615002
linoleum,square,90.0,0.8628587830080368,0.8340068886337544,-0.8181400688863378,-0.9538461538461538,8,1.5707963267948966,0.372244042185699,0.2922847777142554,0.2854724457951587,0.4272766510520504,3.468851894374283,1.0029718595135269,linoleum,0.95214183813758,0.005834991694195938,0.0022571286235449056,0.03976604154467927,linoleum,0.9524545151091492,0.005834402884169174,0.0022877530062670494,0.03942332900041465
linoleum,hourglass,90.0,0.6425564485265978,0.7542441637964025,-0.7496517412935324,-0.7829314963643322,13,1.5707963267948966,0.5619728139338096,0.4088066943370863,0.4540989124666876,0.6352141510000481,2.929383849980865,0.846977622500945,linoleum,0.9655334147841894,0.005632045234083477,0.0033900606192307347,0.025444479362496206,linoleum,0.9589939649466693,0.005733224059126326,0.002838906812748892,0.03243390418145543
linoleum,hourglass,90.0,0.712069460390356,0.7311710677382318,-0.7538892078071182,-0.8097014925373134,14,1.5707963267948966,0.5959359584988604,0.4473280289695925,0.5008334379506937,0.6973383982421454,3.006831228473019,0.8683314364141496,linoleum,0.9649468653213202,0.005451096347755787,0.0031046390813909476,0.02649739924953295,linoleum,0.9619704151339947,0.005592160203441056,0.00297177294706992,0.029465651715494187
linoleum,hourglass,90.0,0.7650258323765787,0.7562284730195177,-0.7504018369690012,-0.8360648679678528,15,1.5707963267948966,0.5492871157475749,0.4498649734659529,0.4668170630368156,0.6863046827532243,3.1077210103329502,0.8978103444347247,linoleum,0.9635727431117922,0.005326832856992032,0.002809705861564309,0.028290718169651414,linoleum,0.9627715791228936,0.005459496530216545,0.0028907394043171148,0.028878184942572802
linoleum,hourglass,90.0,0.6644163796402602,0.6686567164179104,-0.5640872560275547,-0.8154305396096437,16,1.5707963267948966,0.4192164262929358,0.5833903075243316,0.6954415659979347,0.4804547811194788,2.7125908916953687,0.7897537695923704,linoleum,0.964963226783068,0.006616829783606262,0.004566028911728655,0.023853914521597082,linoleum,0.9638674029529808,0.006038163156911403,0.003728384158022885,0.026366049732084944
linoleum,hourglass,90.0,0.6267432070417145,0.6932414848832757,-0.5729965556831229,-0.8380252583237654,17,1.5707963267948966,0.4277937334129653,0.5417612210604051,0.6719864023560319,0.4987529700662977,2.7310065059318784,0.7962265697128759,linoleum,0.9651465549791564,0.00650087776385556,0.0044389903228032246,0.02391357693418474,linoleum,0.9645069789660685,0.006269520460383482,0.004083687240413055,0.025139813333134843
linoleum,hourglass,90.0,0.6965556831228472,0.6514351320321469,-0.6073642775135313,-0.8008200754469408,18,1.5707963267948966,0.4155508955799148,0.6328332829322564,0.723520609492115,0.5058266680250066,2.7561751681154663,0.7997616091220496,linoleum,0.9653541960152151,0.006353265384989972,0.004274778035444529,0.02401776056435034,linoleum,0.964930587490642,0.006311392922686728,0.004179232637928793,0.024578786948742597
linoleum,hourglass,150.0,0.6045158821278224,0.1856104094910064,-0.0165021048603138,-0.8182013011863758,13,2.6179938779914944,0.3998751300640819,0.3834592516601542,0.4560793482086668,0.4519974592318203,1.6248296976655183,0.5969700117541972,linoleum,0.6279572203365595,0.111683500224328,0.05797448665164094,0.2023847927874715,linoleum,0.6279572203365595,0.111683500224328,0.05797448665164094,0.2023847927874715
linoleum,hourglass,150.0,0.6270132852222404,0.094357880925045,-0.0254059373462358,-0.7410857798917498,14,2.6179938779914944,0.4453612461134151,0.4079035030252079,0.5026366738124941,0.4776533850648862,1.4878628833852712,0.5631440604070962,linoleum,0.6346322561528088,0.11035769416057079,0.05840005634692461,0.1966099933396959,linoleum,0.6312947382446842,0.11102059719244939,0.05818727149928278,0.19949739306358372
linoleum,hourglass,150.0,0.7124837351703024,0.1697971680061231,-0.0698354381936472,-0.7381706850363565,15,2.6179938779914944,0.4445926155281962,0.3903810917857148,0.3930155596675388,0.4442341369037224,1.6902870264064294,0.6013479065360432,linoleum,0.6228726881791607,0.1129558271830195,0.05815269177193002,0.2060187928658897,linoleum,0.6270837132119225,0.11198821218773444,0.058169981635606396,0.2027580929647367
linoleum,hourglass,150.0,0.5903712208189821,0.0745044010715652,0.0206812093379255,-0.7327516264829694,16,2.6179938779914944,0.5756873855926992,0.464826365677898,0.5002550883022696,0.6761227568982674,1.4183084577114422,0.5449418640273064,linoleum,0.6359894897011346,0.11037265328124383,0.05904223995444102,0.1945956170631806,linoleum,0.6315366014565285,0.11118043273448913,0.05860611079502371,0.19867685501395865
linoleum,hourglass,150.0,0.6372751626482969,0.0811174894756982,0.0170225794106389,-0.7643015690776881,17,2.6179938779914944,0.5893240550345068,0.4058708418034583,0.5113457847649633,0.6423566321657626,1.499716800612322,0.5764655906491726,linoleum,0.6342648167608885,0.11040137057702915,0.05831972951702503,0.19701408314505733,linoleum,0.6329007091087084,0.11079090165575914,0.05846292015602437,0.197845469079508
linoleum,hourglass,150.0,0.6571592586517958,-0.1013121207151059,-0.1334426767262589,-0.6721338363129405,18,2.6179938779914944,0.6074371600007119,0.4179450076944248,0.5124994803126954,0.5877804686376246,1.5640478924061012,0.5465351738381581,linoleum,0.6315774005343688,0.11087299756238785,0.05802853823791132,0.19952106366533207,linoleum,0.6322390548215386,0.1108319496090735,0.05824572919696784,0.19868326637242004
